# osCommerce, Open Source E-Commerce Solutions
# http://www.oscommerce.com
#
# Database Backup For Lakwimana3
# Copyright (c) 2015 ceylonemails
#
# Database: erangaah_osc3
# Database Server: localhost
#
# Backup Date: 08/22/2015 13:43:45

drop table if exists action_recorder;
create table action_recorder (
  id int(11) not null auto_increment,
  module varchar(255) not null ,
  user_id int(11) ,
  user_name varchar(255) ,
  identifier varchar(255) not null ,
  success char(1) ,
  date_added datetime not null ,
  PRIMARY KEY (id),
  KEY idx_action_recorder_module (module),
  KEY idx_action_recorder_user_id (user_id),
  KEY idx_action_recorder_identifier (identifier),
  KEY idx_action_recorder_date_added (date_added)
);

insert into action_recorder (id, module, user_id, user_name, identifier, success, date_added) values ('1', 'ar_admin_login', '0', 'ceylon360', '103.21.164.19', '0', '2015-08-06 07:00:27');
insert into action_recorder (id, module, user_id, user_name, identifier, success, date_added) values ('2', 'ar_admin_login', '1', 'admin', '103.21.164.19', '1', '2015-08-06 07:00:45');
insert into action_recorder (id, module, user_id, user_name, identifier, success, date_added) values ('3', 'ar_admin_login', '1', 'admin', '124.43.25.5', '1', '2015-08-06 07:21:16');
insert into action_recorder (id, module, user_id, user_name, identifier, success, date_added) values ('4', 'ar_admin_login', '0', 'ceylon360', '124.43.25.5', '0', '2015-08-07 07:24:34');
insert into action_recorder (id, module, user_id, user_name, identifier, success, date_added) values ('5', 'ar_admin_login', '1', 'admin', '124.43.25.5', '1', '2015-08-07 07:24:57');
insert into action_recorder (id, module, user_id, user_name, identifier, success, date_added) values ('6', 'ar_admin_login', '0', 'ceylon360', '112.134.186.101', '0', '2015-08-07 10:02:23');
insert into action_recorder (id, module, user_id, user_name, identifier, success, date_added) values ('7', 'ar_admin_login', '1', 'admin', '112.134.186.101', '1', '2015-08-07 10:02:37');
insert into action_recorder (id, module, user_id, user_name, identifier, success, date_added) values ('8', 'ar_admin_login', '1', 'admin', '103.247.48.112', '1', '2015-08-07 11:48:19');
insert into action_recorder (id, module, user_id, user_name, identifier, success, date_added) values ('9', 'ar_admin_login', '0', 'ceylon360', '112.134.186.101', '0', '2015-08-07 12:16:06');
insert into action_recorder (id, module, user_id, user_name, identifier, success, date_added) values ('10', 'ar_admin_login', '0', 'admin', '112.134.186.101', '0', '2015-08-07 12:16:15');
insert into action_recorder (id, module, user_id, user_name, identifier, success, date_added) values ('11', 'ar_admin_login', '0', 'admin', '112.134.186.101', '0', '2015-08-07 12:16:21');
insert into action_recorder (id, module, user_id, user_name, identifier, success, date_added) values ('12', 'ar_admin_login', '0', 'admin', '112.134.186.101', '0', '2015-08-07 12:16:34');
insert into action_recorder (id, module, user_id, user_name, identifier, success, date_added) values ('13', 'ar_admin_login', '1', 'admin', '112.134.186.101', '1', '2015-08-07 12:21:27');
insert into action_recorder (id, module, user_id, user_name, identifier, success, date_added) values ('14', 'ar_admin_login', '0', 'ceylon360', '112.134.213.49', '0', '2015-08-22 04:13:20');
insert into action_recorder (id, module, user_id, user_name, identifier, success, date_added) values ('15', 'ar_admin_login', '1', 'admin', '112.134.213.49', '1', '2015-08-22 04:13:35');
drop table if exists address_book;
create table address_book (
  address_book_id int(11) not null auto_increment,
  customers_id int(11) not null ,
  customers_guest int(1) default '0' not null ,
  entry_gender char(1) ,
  entry_company varchar(255) ,
  entry_firstname varchar(255) not null ,
  entry_lastname varchar(255) not null ,
  entry_street_address varchar(255) not null ,
  entry_suburb varchar(255) ,
  entry_postcode varchar(255) not null ,
  entry_city varchar(255) not null ,
  entry_state varchar(255) ,
  entry_country_id int(11) default '0' not null ,
  entry_zone_id int(11) default '0' not null ,
  PRIMARY KEY (address_book_id),
  KEY idx_address_book_customers_id (customers_id)
);

insert into address_book (address_book_id, customers_id, customers_guest, entry_gender, entry_company, entry_firstname, entry_lastname, entry_street_address, entry_suburb, entry_postcode, entry_city, entry_state, entry_country_id, entry_zone_id) values ('31', '18', '1', NULL, NULL, 'sudhara', 'dananjaya', '', NULL, '', '', '', '196', '0');
insert into address_book (address_book_id, customers_id, customers_guest, entry_gender, entry_company, entry_firstname, entry_lastname, entry_street_address, entry_suburb, entry_postcode, entry_city, entry_state, entry_country_id, entry_zone_id) values ('33', '20', '1', NULL, NULL, 'dfsdfsd', 'fsdfsdf', '', NULL, '', '', '', '196', '0');
drop table if exists address_format;
create table address_format (
  address_format_id int(11) not null auto_increment,
  address_format varchar(128) not null ,
  address_summary varchar(48) not null ,
  PRIMARY KEY (address_format_id)
);

insert into address_format (address_format_id, address_format, address_summary) values ('1', '$firstname $lastname$cr$streets$cr$city, $postcode$cr$statecomma$country', '$city / $country');
insert into address_format (address_format_id, address_format, address_summary) values ('2', '$firstname $lastname$cr$streets$cr$city, $state    $postcode$cr$country', '$city, $state / $country');
insert into address_format (address_format_id, address_format, address_summary) values ('3', '$firstname $lastname$cr$streets$cr$city$cr$postcode - $statecomma$country', '$state / $country');
insert into address_format (address_format_id, address_format, address_summary) values ('4', '$firstname $lastname$cr$streets$cr$city ($postcode)$cr$country', '$postcode / $country');
insert into address_format (address_format_id, address_format, address_summary) values ('5', '$firstname $lastname$cr$streets$cr$postcode $city$cr$country', '$city / $country');
drop table if exists administrators;
create table administrators (
  id int(11) not null auto_increment,
  user_name varchar(255) not null ,
  user_password varchar(60) not null ,
  PRIMARY KEY (id)
);

insert into administrators (id, user_name, user_password) values ('1', 'admin', '$P$D71cMJPhiu.ZVuBS4a1aOAy/qUoX27.');
drop table if exists banners;
create table banners (
  banners_id int(11) not null auto_increment,
  banners_title varchar(64) not null ,
  banners_url varchar(255) not null ,
  banners_image varchar(64) not null ,
  banners_group varchar(10) not null ,
  banners_html_text text ,
  expires_impressions int(7) default '0' ,
  expires_date datetime ,
  date_scheduled datetime ,
  date_added datetime not null ,
  date_status_change datetime ,
  status int(1) default '1' not null ,
  PRIMARY KEY (banners_id),
  KEY idx_banners_group (banners_group)
);

insert into banners (banners_id, banners_title, banners_url, banners_image, banners_group, banners_html_text, expires_impressions, expires_date, date_scheduled, date_added, date_status_change, status) values ('1', 'osCommerce', 'http://www.oscommerce.com', 'banners/oscommerce.gif', 'footer', '', '0', NULL, NULL, '2015-08-06 06:58:04', NULL, '1');
drop table if exists banners_history;
create table banners_history (
  banners_history_id int(11) not null auto_increment,
  banners_id int(11) not null ,
  banners_shown int(5) default '0' not null ,
  banners_clicked int(5) default '0' not null ,
  banners_history_date datetime not null ,
  PRIMARY KEY (banners_history_id),
  KEY idx_banners_history_banners_id (banners_id)
);

drop table if exists categories;
create table categories (
  categories_id int(11) not null auto_increment,
  categories_image varchar(64) ,
  parent_id int(11) default '0' not null ,
  sort_order int(3) ,
  date_added datetime ,
  last_modified datetime ,
  PRIMARY KEY (categories_id),
  KEY idx_categories_parent_id (parent_id)
);

insert into categories (categories_id, categories_image, parent_id, sort_order, date_added, last_modified) values ('1', 'category_hardware.gif', '0', '1', '2015-08-06 06:58:04', NULL);
insert into categories (categories_id, categories_image, parent_id, sort_order, date_added, last_modified) values ('2', 'category_software.gif', '0', '2', '2015-08-06 06:58:04', NULL);
insert into categories (categories_id, categories_image, parent_id, sort_order, date_added, last_modified) values ('3', 'category_dvd_movies.gif', '0', '3', '2015-08-06 06:58:04', NULL);
insert into categories (categories_id, categories_image, parent_id, sort_order, date_added, last_modified) values ('4', 'subcategory_graphic_cards.gif', '1', '0', '2015-08-06 06:58:04', NULL);
insert into categories (categories_id, categories_image, parent_id, sort_order, date_added, last_modified) values ('5', 'subcategory_printers.gif', '1', '0', '2015-08-06 06:58:04', NULL);
insert into categories (categories_id, categories_image, parent_id, sort_order, date_added, last_modified) values ('6', 'subcategory_monitors.gif', '1', '0', '2015-08-06 06:58:04', NULL);
insert into categories (categories_id, categories_image, parent_id, sort_order, date_added, last_modified) values ('7', 'subcategory_speakers.gif', '1', '0', '2015-08-06 06:58:04', NULL);
insert into categories (categories_id, categories_image, parent_id, sort_order, date_added, last_modified) values ('8', 'subcategory_keyboards.gif', '1', '0', '2015-08-06 06:58:04', NULL);
insert into categories (categories_id, categories_image, parent_id, sort_order, date_added, last_modified) values ('9', 'subcategory_mice.gif', '1', '0', '2015-08-06 06:58:04', NULL);
insert into categories (categories_id, categories_image, parent_id, sort_order, date_added, last_modified) values ('10', 'subcategory_action.gif', '3', '0', '2015-08-06 06:58:04', NULL);
insert into categories (categories_id, categories_image, parent_id, sort_order, date_added, last_modified) values ('11', 'subcategory_science_fiction.gif', '3', '0', '2015-08-06 06:58:04', NULL);
insert into categories (categories_id, categories_image, parent_id, sort_order, date_added, last_modified) values ('12', 'subcategory_comedy.gif', '3', '0', '2015-08-06 06:58:04', NULL);
insert into categories (categories_id, categories_image, parent_id, sort_order, date_added, last_modified) values ('13', 'subcategory_cartoons.gif', '3', '0', '2015-08-06 06:58:04', NULL);
insert into categories (categories_id, categories_image, parent_id, sort_order, date_added, last_modified) values ('14', 'subcategory_thriller.gif', '3', '0', '2015-08-06 06:58:04', NULL);
insert into categories (categories_id, categories_image, parent_id, sort_order, date_added, last_modified) values ('15', 'subcategory_drama.gif', '3', '0', '2015-08-06 06:58:04', NULL);
insert into categories (categories_id, categories_image, parent_id, sort_order, date_added, last_modified) values ('16', 'subcategory_memory.gif', '1', '0', '2015-08-06 06:58:04', NULL);
insert into categories (categories_id, categories_image, parent_id, sort_order, date_added, last_modified) values ('17', 'subcategory_cdrom_drives.gif', '1', '0', '2015-08-06 06:58:04', NULL);
insert into categories (categories_id, categories_image, parent_id, sort_order, date_added, last_modified) values ('18', 'subcategory_simulation.gif', '2', '0', '2015-08-06 06:58:04', NULL);
insert into categories (categories_id, categories_image, parent_id, sort_order, date_added, last_modified) values ('19', 'subcategory_action_games.gif', '2', '0', '2015-08-06 06:58:04', NULL);
insert into categories (categories_id, categories_image, parent_id, sort_order, date_added, last_modified) values ('20', 'subcategory_strategy.gif', '2', '0', '2015-08-06 06:58:04', NULL);
insert into categories (categories_id, categories_image, parent_id, sort_order, date_added, last_modified) values ('21', 'category_gadgets.png', '0', '4', '2015-08-06 06:58:04', NULL);
drop table if exists categories_description;
create table categories_description (
  categories_id int(11) default '0' not null ,
  language_id int(11) default '1' not null ,
  categories_name varchar(32) not null ,
  PRIMARY KEY (categories_id, language_id),
  KEY idx_categories_name (categories_name)
);

insert into categories_description (categories_id, language_id, categories_name) values ('10', '1', 'Action');
insert into categories_description (categories_id, language_id, categories_name) values ('19', '1', 'Action');
insert into categories_description (categories_id, language_id, categories_name) values ('13', '1', 'Cartoons');
insert into categories_description (categories_id, language_id, categories_name) values ('17', '1', 'CDROM Drives');
insert into categories_description (categories_id, language_id, categories_name) values ('12', '1', 'Comedy');
insert into categories_description (categories_id, language_id, categories_name) values ('15', '1', 'Drama');
insert into categories_description (categories_id, language_id, categories_name) values ('3', '1', 'DVD Movies');
insert into categories_description (categories_id, language_id, categories_name) values ('21', '1', 'Gadgets');
insert into categories_description (categories_id, language_id, categories_name) values ('4', '1', 'Graphics Cards');
insert into categories_description (categories_id, language_id, categories_name) values ('1', '1', 'Hardware');
insert into categories_description (categories_id, language_id, categories_name) values ('8', '1', 'Keyboards');
insert into categories_description (categories_id, language_id, categories_name) values ('16', '1', 'Memory');
insert into categories_description (categories_id, language_id, categories_name) values ('9', '1', 'Mice');
insert into categories_description (categories_id, language_id, categories_name) values ('6', '1', 'Monitors');
insert into categories_description (categories_id, language_id, categories_name) values ('5', '1', 'Printers');
insert into categories_description (categories_id, language_id, categories_name) values ('11', '1', 'Science Fiction');
insert into categories_description (categories_id, language_id, categories_name) values ('18', '1', 'Simulation');
insert into categories_description (categories_id, language_id, categories_name) values ('2', '1', 'Software');
insert into categories_description (categories_id, language_id, categories_name) values ('7', '1', 'Speakers');
insert into categories_description (categories_id, language_id, categories_name) values ('20', '1', 'Strategy');
insert into categories_description (categories_id, language_id, categories_name) values ('14', '1', 'Thriller');
drop table if exists configuration;
create table configuration (
  configuration_id int(11) not null auto_increment,
  configuration_title varchar(255) not null ,
  configuration_key varchar(255) not null ,
  configuration_value text not null ,
  configuration_description varchar(255) not null ,
  configuration_group_id int(11) not null ,
  sort_order int(5) ,
  last_modified datetime ,
  date_added datetime not null ,
  use_function varchar(255) ,
  set_function varchar(255) ,
  PRIMARY KEY (configuration_id)
);

insert into configuration (configuration_id, configuration_title, configuration_key, configuration_value, configuration_description, configuration_group_id, sort_order, last_modified, date_added, use_function, set_function) values ('1', 'Store Name', 'STORE_NAME', 'Lakwimana3', 'The name of my store', '1', '1', NULL, '2015-08-06 06:58:04', NULL, NULL);
insert into configuration (configuration_id, configuration_title, configuration_key, configuration_value, configuration_description, configuration_group_id, sort_order, last_modified, date_added, use_function, set_function) values ('2', 'Store Owner', 'STORE_OWNER', 'ceylonemails', 'The name of my store owner', '1', '2', NULL, '2015-08-06 06:58:04', NULL, NULL);
insert into configuration (configuration_id, configuration_title, configuration_key, configuration_value, configuration_description, configuration_group_id, sort_order, last_modified, date_added, use_function, set_function) values ('3', 'E-Mail Address', 'STORE_OWNER_EMAIL_ADDRESS', 'ceylonemail@gmail.com', 'The e-mail address of my store owner', '1', '3', NULL, '2015-08-06 06:58:04', NULL, NULL);
insert into configuration (configuration_id, configuration_title, configuration_key, configuration_value, configuration_description, configuration_group_id, sort_order, last_modified, date_added, use_function, set_function) values ('4', 'E-Mail From', 'EMAIL_FROM', '\"ceylonemails\" <ceylonemail@gmail.com>', 'The e-mail address used in (sent) e-mails', '1', '4', NULL, '2015-08-06 06:58:04', NULL, NULL);
insert into configuration (configuration_id, configuration_title, configuration_key, configuration_value, configuration_description, configuration_group_id, sort_order, last_modified, date_added, use_function, set_function) values ('5', 'Country', 'STORE_COUNTRY', '223', 'The country my store is located in <br /><br /><strong>Note: Please remember to update the store zone.</strong>', '1', '6', NULL, '2015-08-06 06:58:04', 'tep_get_country_name', 'tep_cfg_pull_down_country_list(');
insert into configuration (configuration_id, configuration_title, configuration_key, configuration_value, configuration_description, configuration_group_id, sort_order, last_modified, date_added, use_function, set_function) values ('6', 'Zone', 'STORE_ZONE', '18', 'The zone my store is located in', '1', '7', NULL, '2015-08-06 06:58:04', 'tep_cfg_get_zone_name', 'tep_cfg_pull_down_zone_list(');
insert into configuration (configuration_id, configuration_title, configuration_key, configuration_value, configuration_description, configuration_group_id, sort_order, last_modified, date_added, use_function, set_function) values ('7', 'Expected Sort Order', 'EXPECTED_PRODUCTS_SORT', 'desc', 'This is the sort order used in the expected products box.', '1', '8', NULL, '2015-08-06 06:58:04', NULL, 'tep_cfg_select_option(array(\'asc\', \'desc\'), ');
insert into configuration (configuration_id, configuration_title, configuration_key, configuration_value, configuration_description, configuration_group_id, sort_order, last_modified, date_added, use_function, set_function) values ('8', 'Expected Sort Field', 'EXPECTED_PRODUCTS_FIELD', 'date_expected', 'The column to sort by in the expected products box.', '1', '9', NULL, '2015-08-06 06:58:04', NULL, 'tep_cfg_select_option(array(\'products_name\', \'date_expected\'), ');
insert into configuration (configuration_id, configuration_title, configuration_key, configuration_value, configuration_description, configuration_group_id, sort_order, last_modified, date_added, use_function, set_function) values ('9', 'Switch To Default Language Currency', 'USE_DEFAULT_LANGUAGE_CURRENCY', 'false', 'Automatically switch to the language\'s currency when it is changed', '1', '10', NULL, '2015-08-06 06:58:04', NULL, 'tep_cfg_select_option(array(\'true\', \'false\'), ');
insert into configuration (configuration_id, configuration_title, configuration_key, configuration_value, configuration_description, configuration_group_id, sort_order, last_modified, date_added, use_function, set_function) values ('10', 'Send Extra Order Emails To', 'SEND_EXTRA_ORDER_EMAILS_TO', '', 'Send extra order emails to the following email addresses, in this format: Name 1 &lt;email@address1&gt;, Name 2 &lt;email@address2&gt;', '1', '11', NULL, '2015-08-06 06:58:04', NULL, NULL);
insert into configuration (configuration_id, configuration_title, configuration_key, configuration_value, configuration_description, configuration_group_id, sort_order, last_modified, date_added, use_function, set_function) values ('11', 'Use Search-Engine Safe URLs', 'SEARCH_ENGINE_FRIENDLY_URLS', 'false', 'Use search-engine safe urls for all site links', '1', '12', NULL, '2015-08-06 06:58:04', NULL, 'tep_cfg_select_option(array(\'true\', \'false\'), ');
insert into configuration (configuration_id, configuration_title, configuration_key, configuration_value, configuration_description, configuration_group_id, sort_order, last_modified, date_added, use_function, set_function) values ('12', 'Display Cart After Adding Product', 'DISPLAY_CART', 'true', 'Display the shopping cart after adding a product (or return back to their origin)', '1', '14', NULL, '2015-08-06 06:58:04', NULL, 'tep_cfg_select_option(array(\'true\', \'false\'), ');
insert into configuration (configuration_id, configuration_title, configuration_key, configuration_value, configuration_description, configuration_group_id, sort_order, last_modified, date_added, use_function, set_function) values ('13', 'Allow Guest To Tell A Friend', 'ALLOW_GUEST_TO_TELL_A_FRIEND', 'false', 'Allow guests to tell a friend about a product', '1', '15', NULL, '2015-08-06 06:58:04', NULL, 'tep_cfg_select_option(array(\'true\', \'false\'), ');
insert into configuration (configuration_id, configuration_title, configuration_key, configuration_value, configuration_description, configuration_group_id, sort_order, last_modified, date_added, use_function, set_function) values ('14', 'Default Search Operator', 'ADVANCED_SEARCH_DEFAULT_OPERATOR', 'and', 'Default search operators', '1', '17', NULL, '2015-08-06 06:58:04', NULL, 'tep_cfg_select_option(array(\'and\', \'or\'), ');
insert into configuration (configuration_id, configuration_title, configuration_key, configuration_value, configuration_description, configuration_group_id, sort_order, last_modified, date_added, use_function, set_function) values ('15', 'Store Address', 'STORE_ADDRESS', 'Address Line 1
Address Line 2
Country
Phone', 'This is the Address of my store used on printable documents and displayed online', '1', '18', NULL, '2015-08-06 06:58:04', NULL, 'tep_cfg_textarea(');
insert into configuration (configuration_id, configuration_title, configuration_key, configuration_value, configuration_description, configuration_group_id, sort_order, last_modified, date_added, use_function, set_function) values ('16', 'Store Phone', 'STORE_PHONE', '555-1234', 'This is the phone number of my store used on printable documents and displayed online', '1', '19', NULL, '2015-08-06 06:58:04', NULL, 'tep_cfg_textarea(');
insert into configuration (configuration_id, configuration_title, configuration_key, configuration_value, configuration_description, configuration_group_id, sort_order, last_modified, date_added, use_function, set_function) values ('17', 'Tax Decimal Places', 'TAX_DECIMAL_PLACES', '0', 'Pad the tax value this amount of decimal places', '1', '20', NULL, '2015-08-06 06:58:04', NULL, NULL);
insert into configuration (configuration_id, configuration_title, configuration_key, configuration_value, configuration_description, configuration_group_id, sort_order, last_modified, date_added, use_function, set_function) values ('18', 'Display Prices with Tax', 'DISPLAY_PRICE_WITH_TAX', 'false', 'Display prices with tax included (true) or add the tax at the end (false)', '1', '21', NULL, '2015-08-06 06:58:04', NULL, 'tep_cfg_select_option(array(\'true\', \'false\'), ');
insert into configuration (configuration_id, configuration_title, configuration_key, configuration_value, configuration_description, configuration_group_id, sort_order, last_modified, date_added, use_function, set_function) values ('19', 'First Name', 'ENTRY_FIRST_NAME_MIN_LENGTH', '2', 'Minimum length of first name', '2', '1', NULL, '2015-08-06 06:58:04', NULL, NULL);
insert into configuration (configuration_id, configuration_title, configuration_key, configuration_value, configuration_description, configuration_group_id, sort_order, last_modified, date_added, use_function, set_function) values ('20', 'Last Name', 'ENTRY_LAST_NAME_MIN_LENGTH', '2', 'Minimum length of last name', '2', '2', NULL, '2015-08-06 06:58:04', NULL, NULL);
insert into configuration (configuration_id, configuration_title, configuration_key, configuration_value, configuration_description, configuration_group_id, sort_order, last_modified, date_added, use_function, set_function) values ('21', 'Date of Birth', 'ENTRY_DOB_MIN_LENGTH', '10', 'Minimum length of date of birth', '2', '3', NULL, '2015-08-06 06:58:04', NULL, NULL);
insert into configuration (configuration_id, configuration_title, configuration_key, configuration_value, configuration_description, configuration_group_id, sort_order, last_modified, date_added, use_function, set_function) values ('22', 'E-Mail Address', 'ENTRY_EMAIL_ADDRESS_MIN_LENGTH', '6', 'Minimum length of e-mail address', '2', '4', NULL, '2015-08-06 06:58:04', NULL, NULL);
insert into configuration (configuration_id, configuration_title, configuration_key, configuration_value, configuration_description, configuration_group_id, sort_order, last_modified, date_added, use_function, set_function) values ('23', 'Street Address', 'ENTRY_STREET_ADDRESS_MIN_LENGTH', '5', 'Minimum length of street address', '2', '5', NULL, '2015-08-06 06:58:04', NULL, NULL);
insert into configuration (configuration_id, configuration_title, configuration_key, configuration_value, configuration_description, configuration_group_id, sort_order, last_modified, date_added, use_function, set_function) values ('24', 'Company', 'ENTRY_COMPANY_MIN_LENGTH', '2', 'Minimum length of company name', '2', '6', NULL, '2015-08-06 06:58:04', NULL, NULL);
insert into configuration (configuration_id, configuration_title, configuration_key, configuration_value, configuration_description, configuration_group_id, sort_order, last_modified, date_added, use_function, set_function) values ('25', 'Post Code', 'ENTRY_POSTCODE_MIN_LENGTH', '4', 'Minimum length of post code', '2', '7', NULL, '2015-08-06 06:58:04', NULL, NULL);
insert into configuration (configuration_id, configuration_title, configuration_key, configuration_value, configuration_description, configuration_group_id, sort_order, last_modified, date_added, use_function, set_function) values ('26', 'City', 'ENTRY_CITY_MIN_LENGTH', '3', 'Minimum length of city', '2', '8', NULL, '2015-08-06 06:58:04', NULL, NULL);
insert into configuration (configuration_id, configuration_title, configuration_key, configuration_value, configuration_description, configuration_group_id, sort_order, last_modified, date_added, use_function, set_function) values ('27', 'State', 'ENTRY_STATE_MIN_LENGTH', '2', 'Minimum length of state', '2', '9', NULL, '2015-08-06 06:58:04', NULL, NULL);
insert into configuration (configuration_id, configuration_title, configuration_key, configuration_value, configuration_description, configuration_group_id, sort_order, last_modified, date_added, use_function, set_function) values ('28', 'Telephone Number', 'ENTRY_TELEPHONE_MIN_LENGTH', '3', 'Minimum length of telephone number', '2', '10', NULL, '2015-08-06 06:58:04', NULL, NULL);
insert into configuration (configuration_id, configuration_title, configuration_key, configuration_value, configuration_description, configuration_group_id, sort_order, last_modified, date_added, use_function, set_function) values ('29', 'Password', 'ENTRY_PASSWORD_MIN_LENGTH', '5', 'Minimum length of password', '2', '11', NULL, '2015-08-06 06:58:04', NULL, NULL);
insert into configuration (configuration_id, configuration_title, configuration_key, configuration_value, configuration_description, configuration_group_id, sort_order, last_modified, date_added, use_function, set_function) values ('30', 'Credit Card Owner Name', 'CC_OWNER_MIN_LENGTH', '3', 'Minimum length of credit card owner name', '2', '12', NULL, '2015-08-06 06:58:04', NULL, NULL);
insert into configuration (configuration_id, configuration_title, configuration_key, configuration_value, configuration_description, configuration_group_id, sort_order, last_modified, date_added, use_function, set_function) values ('31', 'Credit Card Number', 'CC_NUMBER_MIN_LENGTH', '10', 'Minimum length of credit card number', '2', '13', NULL, '2015-08-06 06:58:04', NULL, NULL);
insert into configuration (configuration_id, configuration_title, configuration_key, configuration_value, configuration_description, configuration_group_id, sort_order, last_modified, date_added, use_function, set_function) values ('32', 'Review Text', 'REVIEW_TEXT_MIN_LENGTH', '50', 'Minimum length of review text', '2', '14', NULL, '2015-08-06 06:58:04', NULL, NULL);
insert into configuration (configuration_id, configuration_title, configuration_key, configuration_value, configuration_description, configuration_group_id, sort_order, last_modified, date_added, use_function, set_function) values ('33', 'Best Sellers', 'MIN_DISPLAY_BESTSELLERS', '1', 'Minimum number of best sellers to display', '2', '15', NULL, '2015-08-06 06:58:04', NULL, NULL);
insert into configuration (configuration_id, configuration_title, configuration_key, configuration_value, configuration_description, configuration_group_id, sort_order, last_modified, date_added, use_function, set_function) values ('34', 'Also Purchased', 'MIN_DISPLAY_ALSO_PURCHASED', '1', 'Minimum number of products to display in the \'This Customer Also Purchased\' box', '2', '16', NULL, '2015-08-06 06:58:04', NULL, NULL);
insert into configuration (configuration_id, configuration_title, configuration_key, configuration_value, configuration_description, configuration_group_id, sort_order, last_modified, date_added, use_function, set_function) values ('35', 'Address Book Entries', 'MAX_ADDRESS_BOOK_ENTRIES', '5', 'Maximum address book entries a customer is allowed to have', '3', '1', NULL, '2015-08-06 06:58:04', NULL, NULL);
insert into configuration (configuration_id, configuration_title, configuration_key, configuration_value, configuration_description, configuration_group_id, sort_order, last_modified, date_added, use_function, set_function) values ('36', 'Search Results', 'MAX_DISPLAY_SEARCH_RESULTS', '20', 'Amount of products to list', '3', '2', NULL, '2015-08-06 06:58:04', NULL, NULL);
insert into configuration (configuration_id, configuration_title, configuration_key, configuration_value, configuration_description, configuration_group_id, sort_order, last_modified, date_added, use_function, set_function) values ('37', 'Page Links', 'MAX_DISPLAY_PAGE_LINKS', '5', 'Number of \'number\' links use for page-sets', '3', '3', NULL, '2015-08-06 06:58:04', NULL, NULL);
insert into configuration (configuration_id, configuration_title, configuration_key, configuration_value, configuration_description, configuration_group_id, sort_order, last_modified, date_added, use_function, set_function) values ('38', 'Special Products', 'MAX_DISPLAY_SPECIAL_PRODUCTS', '9', 'Maximum number of products on special to display', '3', '4', NULL, '2015-08-06 06:58:04', NULL, NULL);
insert into configuration (configuration_id, configuration_title, configuration_key, configuration_value, configuration_description, configuration_group_id, sort_order, last_modified, date_added, use_function, set_function) values ('39', 'New Products Module', 'MAX_DISPLAY_NEW_PRODUCTS', '9', 'Maximum number of new products to display in a category', '3', '5', NULL, '2015-08-06 06:58:04', NULL, NULL);
insert into configuration (configuration_id, configuration_title, configuration_key, configuration_value, configuration_description, configuration_group_id, sort_order, last_modified, date_added, use_function, set_function) values ('40', 'Products Expected', 'MAX_DISPLAY_UPCOMING_PRODUCTS', '10', 'Maximum number of products expected to display', '3', '6', NULL, '2015-08-06 06:58:04', NULL, NULL);
insert into configuration (configuration_id, configuration_title, configuration_key, configuration_value, configuration_description, configuration_group_id, sort_order, last_modified, date_added, use_function, set_function) values ('41', 'Manufacturers List', 'MAX_DISPLAY_MANUFACTURERS_IN_A_LIST', '0', 'Used in manufacturers box; when the number of manufacturers exceeds this number, a drop-down list will be displayed instead of the default list', '3', '7', NULL, '2015-08-06 06:58:04', NULL, NULL);
insert into configuration (configuration_id, configuration_title, configuration_key, configuration_value, configuration_description, configuration_group_id, sort_order, last_modified, date_added, use_function, set_function) values ('42', 'Manufacturers Select Size', 'MAX_MANUFACTURERS_LIST', '1', 'Used in manufacturers box; when this value is \'1\' the classic drop-down list will be used for the manufacturers box. Otherwise, a list-box with the specified number of rows will be displayed.', '3', '7', NULL, '2015-08-06 06:58:04', NULL, NULL);
insert into configuration (configuration_id, configuration_title, configuration_key, configuration_value, configuration_description, configuration_group_id, sort_order, last_modified, date_added, use_function, set_function) values ('43', 'Length of Manufacturers Name', 'MAX_DISPLAY_MANUFACTURER_NAME_LEN', '15', 'Used in manufacturers box; maximum length of manufacturers name to display', '3', '8', NULL, '2015-08-06 06:58:04', NULL, NULL);
insert into configuration (configuration_id, configuration_title, configuration_key, configuration_value, configuration_description, configuration_group_id, sort_order, last_modified, date_added, use_function, set_function) values ('44', 'New Reviews', 'MAX_DISPLAY_NEW_REVIEWS', '6', 'Maximum number of new reviews to display', '3', '9', NULL, '2015-08-06 06:58:04', NULL, NULL);
insert into configuration (configuration_id, configuration_title, configuration_key, configuration_value, configuration_description, configuration_group_id, sort_order, last_modified, date_added, use_function, set_function) values ('45', 'Selection of Random Reviews', 'MAX_RANDOM_SELECT_REVIEWS', '10', 'How many records to select from to choose one random product review', '3', '10', NULL, '2015-08-06 06:58:04', NULL, NULL);
insert into configuration (configuration_id, configuration_title, configuration_key, configuration_value, configuration_description, configuration_group_id, sort_order, last_modified, date_added, use_function, set_function) values ('46', 'Selection of Random New Products', 'MAX_RANDOM_SELECT_NEW', '10', 'How many records to select from to choose one random new product to display', '3', '11', NULL, '2015-08-06 06:58:04', NULL, NULL);
insert into configuration (configuration_id, configuration_title, configuration_key, configuration_value, configuration_description, configuration_group_id, sort_order, last_modified, date_added, use_function, set_function) values ('47', 'Selection of Products on Special', 'MAX_RANDOM_SELECT_SPECIALS', '10', 'How many records to select from to choose one random product special to display', '3', '12', NULL, '2015-08-06 06:58:04', NULL, NULL);
insert into configuration (configuration_id, configuration_title, configuration_key, configuration_value, configuration_description, configuration_group_id, sort_order, last_modified, date_added, use_function, set_function) values ('48', 'Categories To List Per Row', 'MAX_DISPLAY_CATEGORIES_PER_ROW', '3', 'How many categories to list per row', '3', '13', NULL, '2015-08-06 06:58:04', NULL, NULL);
insert into configuration (configuration_id, configuration_title, configuration_key, configuration_value, configuration_description, configuration_group_id, sort_order, last_modified, date_added, use_function, set_function) values ('49', 'New Products Listing', 'MAX_DISPLAY_PRODUCTS_NEW', '10', 'Maximum number of new products to display in new products page', '3', '14', NULL, '2015-08-06 06:58:04', NULL, NULL);
insert into configuration (configuration_id, configuration_title, configuration_key, configuration_value, configuration_description, configuration_group_id, sort_order, last_modified, date_added, use_function, set_function) values ('50', 'Best Sellers', 'MAX_DISPLAY_BESTSELLERS', '10', 'Maximum number of best sellers to display', '3', '15', NULL, '2015-08-06 06:58:04', NULL, NULL);
insert into configuration (configuration_id, configuration_title, configuration_key, configuration_value, configuration_description, configuration_group_id, sort_order, last_modified, date_added, use_function, set_function) values ('51', 'Also Purchased', 'MAX_DISPLAY_ALSO_PURCHASED', '6', 'Maximum number of products to display in the \'This Customer Also Purchased\' box', '3', '16', NULL, '2015-08-06 06:58:04', NULL, NULL);
insert into configuration (configuration_id, configuration_title, configuration_key, configuration_value, configuration_description, configuration_group_id, sort_order, last_modified, date_added, use_function, set_function) values ('52', 'Customer Order History Box', 'MAX_DISPLAY_PRODUCTS_IN_ORDER_HISTORY_BOX', '6', 'Maximum number of products to display in the customer order history box', '3', '17', NULL, '2015-08-06 06:58:04', NULL, NULL);
insert into configuration (configuration_id, configuration_title, configuration_key, configuration_value, configuration_description, configuration_group_id, sort_order, last_modified, date_added, use_function, set_function) values ('53', 'Order History', 'MAX_DISPLAY_ORDER_HISTORY', '10', 'Maximum number of orders to display in the order history page', '3', '18', NULL, '2015-08-06 06:58:04', NULL, NULL);
insert into configuration (configuration_id, configuration_title, configuration_key, configuration_value, configuration_description, configuration_group_id, sort_order, last_modified, date_added, use_function, set_function) values ('54', 'Product Quantities In Shopping Cart', 'MAX_QTY_IN_CART', '99', 'Maximum number of product quantities that can be added to the shopping cart (0 for no limit)', '3', '19', NULL, '2015-08-06 06:58:04', NULL, NULL);
insert into configuration (configuration_id, configuration_title, configuration_key, configuration_value, configuration_description, configuration_group_id, sort_order, last_modified, date_added, use_function, set_function) values ('55', 'Small Image Width', 'SMALL_IMAGE_WIDTH', '100', 'The pixel width of small images', '4', '1', NULL, '2015-08-06 06:58:04', NULL, NULL);
insert into configuration (configuration_id, configuration_title, configuration_key, configuration_value, configuration_description, configuration_group_id, sort_order, last_modified, date_added, use_function, set_function) values ('56', 'Small Image Height', 'SMALL_IMAGE_HEIGHT', '80', 'The pixel height of small images', '4', '2', NULL, '2015-08-06 06:58:04', NULL, NULL);
insert into configuration (configuration_id, configuration_title, configuration_key, configuration_value, configuration_description, configuration_group_id, sort_order, last_modified, date_added, use_function, set_function) values ('57', 'Heading Image Width', 'HEADING_IMAGE_WIDTH', '57', 'The pixel width of heading images', '4', '3', NULL, '2015-08-06 06:58:04', NULL, NULL);
insert into configuration (configuration_id, configuration_title, configuration_key, configuration_value, configuration_description, configuration_group_id, sort_order, last_modified, date_added, use_function, set_function) values ('58', 'Heading Image Height', 'HEADING_IMAGE_HEIGHT', '40', 'The pixel height of heading images', '4', '4', NULL, '2015-08-06 06:58:04', NULL, NULL);
insert into configuration (configuration_id, configuration_title, configuration_key, configuration_value, configuration_description, configuration_group_id, sort_order, last_modified, date_added, use_function, set_function) values ('59', 'Subcategory Image Width', 'SUBCATEGORY_IMAGE_WIDTH', '100', 'The pixel width of subcategory images', '4', '5', NULL, '2015-08-06 06:58:04', NULL, NULL);
insert into configuration (configuration_id, configuration_title, configuration_key, configuration_value, configuration_description, configuration_group_id, sort_order, last_modified, date_added, use_function, set_function) values ('60', 'Subcategory Image Height', 'SUBCATEGORY_IMAGE_HEIGHT', '57', 'The pixel height of subcategory images', '4', '6', NULL, '2015-08-06 06:58:04', NULL, NULL);
insert into configuration (configuration_id, configuration_title, configuration_key, configuration_value, configuration_description, configuration_group_id, sort_order, last_modified, date_added, use_function, set_function) values ('61', 'Calculate Image Size', 'CONFIG_CALCULATE_IMAGE_SIZE', 'true', 'Calculate the size of images?', '4', '7', NULL, '2015-08-06 06:58:04', NULL, 'tep_cfg_select_option(array(\'true\', \'false\'), ');
insert into configuration (configuration_id, configuration_title, configuration_key, configuration_value, configuration_description, configuration_group_id, sort_order, last_modified, date_added, use_function, set_function) values ('62', 'Image Required', 'IMAGE_REQUIRED', 'true', 'Enable to display broken images. Good for development.', '4', '8', NULL, '2015-08-06 06:58:04', NULL, 'tep_cfg_select_option(array(\'true\', \'false\'), ');
insert into configuration (configuration_id, configuration_title, configuration_key, configuration_value, configuration_description, configuration_group_id, sort_order, last_modified, date_added, use_function, set_function) values ('63', 'Gender', 'ACCOUNT_GENDER', 'true', 'Display gender in the customers account', '5', '1', NULL, '2015-08-06 06:58:04', NULL, 'tep_cfg_select_option(array(\'true\', \'false\'), ');
insert into configuration (configuration_id, configuration_title, configuration_key, configuration_value, configuration_description, configuration_group_id, sort_order, last_modified, date_added, use_function, set_function) values ('64', 'Date of Birth', 'ACCOUNT_DOB', 'true', 'Display date of birth in the customers account', '5', '2', NULL, '2015-08-06 06:58:04', NULL, 'tep_cfg_select_option(array(\'true\', \'false\'), ');
insert into configuration (configuration_id, configuration_title, configuration_key, configuration_value, configuration_description, configuration_group_id, sort_order, last_modified, date_added, use_function, set_function) values ('65', 'Company', 'ACCOUNT_COMPANY', 'true', 'Display company in the customers account', '5', '3', NULL, '2015-08-06 06:58:04', NULL, 'tep_cfg_select_option(array(\'true\', \'false\'), ');
insert into configuration (configuration_id, configuration_title, configuration_key, configuration_value, configuration_description, configuration_group_id, sort_order, last_modified, date_added, use_function, set_function) values ('66', 'Suburb', 'ACCOUNT_SUBURB', 'true', 'Display suburb in the customers account', '5', '4', NULL, '2015-08-06 06:58:04', NULL, 'tep_cfg_select_option(array(\'true\', \'false\'), ');
insert into configuration (configuration_id, configuration_title, configuration_key, configuration_value, configuration_description, configuration_group_id, sort_order, last_modified, date_added, use_function, set_function) values ('67', 'State', 'ACCOUNT_STATE', 'true', 'Display state in the customers account', '5', '5', NULL, '2015-08-06 06:58:04', NULL, 'tep_cfg_select_option(array(\'true\', \'false\'), ');
insert into configuration (configuration_id, configuration_title, configuration_key, configuration_value, configuration_description, configuration_group_id, sort_order, last_modified, date_added, use_function, set_function) values ('68', 'Installed Modules', 'MODULE_PAYMENT_INSTALLED', 'cod.php;paypal_express.php', 'List of payment module filenames separated by a semi-colon. This is automatically updated. No need to edit. (Example: cod.php;paypal_express.php)', '6', '0', NULL, '2015-08-06 06:58:04', NULL, NULL);
insert into configuration (configuration_id, configuration_title, configuration_key, configuration_value, configuration_description, configuration_group_id, sort_order, last_modified, date_added, use_function, set_function) values ('69', 'Installed Modules', 'MODULE_ORDER_TOTAL_INSTALLED', 'ot_subtotal.php;ot_tax.php;ot_shipping.php;ot_total.php', 'List of order_total module filenames separated by a semi-colon. This is automatically updated. No need to edit. (Example: ot_subtotal.php;ot_tax.php;ot_shipping.php;ot_total.php)', '6', '0', NULL, '2015-08-06 06:58:04', NULL, NULL);
insert into configuration (configuration_id, configuration_title, configuration_key, configuration_value, configuration_description, configuration_group_id, sort_order, last_modified, date_added, use_function, set_function) values ('70', 'Installed Modules', 'MODULE_SHIPPING_INSTALLED', 'flat.php;mzmt.php', 'List of shipping module filenames separated by a semi-colon. This is automatically updated. No need to edit. (Example: ups.php;flat.php;item.php)', '6', '0', NULL, '2015-08-06 06:58:04', NULL, NULL);
insert into configuration (configuration_id, configuration_title, configuration_key, configuration_value, configuration_description, configuration_group_id, sort_order, last_modified, date_added, use_function, set_function) values ('71', 'Installed Modules', 'MODULE_ACTION_RECORDER_INSTALLED', 'ar_admin_login.php;ar_contact_us.php;ar_reset_password.php;ar_tell_a_friend.php', 'List of action recorder module filenames separated by a semi-colon. This is automatically updated. No need to edit.', '6', '0', NULL, '2015-08-06 06:58:04', NULL, NULL);
insert into configuration (configuration_id, configuration_title, configuration_key, configuration_value, configuration_description, configuration_group_id, sort_order, last_modified, date_added, use_function, set_function) values ('72', 'Installed Modules', 'MODULE_SOCIAL_BOOKMARKS_INSTALLED', 'sb_email.php;sb_facebook.php;sb_google_plus_share.php;sb_pinterest.php;sb_twitter.php', 'List of social bookmark module filenames separated by a semi-colon. This is automatically updated. No need to edit.', '6', '0', NULL, '2015-08-06 06:58:04', NULL, NULL);
insert into configuration (configuration_id, configuration_title, configuration_key, configuration_value, configuration_description, configuration_group_id, sort_order, last_modified, date_added, use_function, set_function) values ('73', 'Enable Cash On Delivery Module', 'MODULE_PAYMENT_COD_STATUS', 'True', 'Do you want to accept Cash On Delevery payments?', '6', '1', NULL, '2015-08-06 06:58:04', NULL, 'tep_cfg_select_option(array(\'True\', \'False\'), ');
insert into configuration (configuration_id, configuration_title, configuration_key, configuration_value, configuration_description, configuration_group_id, sort_order, last_modified, date_added, use_function, set_function) values ('74', 'Payment Zone', 'MODULE_PAYMENT_COD_ZONE', '0', 'If a zone is selected, only enable this payment method for that zone.', '6', '2', NULL, '2015-08-06 06:58:04', 'tep_get_zone_class_title', 'tep_cfg_pull_down_zone_classes(');
insert into configuration (configuration_id, configuration_title, configuration_key, configuration_value, configuration_description, configuration_group_id, sort_order, last_modified, date_added, use_function, set_function) values ('75', 'Sort order of display.', 'MODULE_PAYMENT_COD_SORT_ORDER', '0', 'Sort order of display. Lowest is displayed first.', '6', '0', NULL, '2015-08-06 06:58:04', NULL, NULL);
insert into configuration (configuration_id, configuration_title, configuration_key, configuration_value, configuration_description, configuration_group_id, sort_order, last_modified, date_added, use_function, set_function) values ('76', 'Set Order Status', 'MODULE_PAYMENT_COD_ORDER_STATUS_ID', '0', 'Set the status of orders made with this payment module to this value', '6', '0', NULL, '2015-08-06 06:58:04', 'tep_get_order_status_name', 'tep_cfg_pull_down_order_statuses(');
insert into configuration (configuration_id, configuration_title, configuration_key, configuration_value, configuration_description, configuration_group_id, sort_order, last_modified, date_added, use_function, set_function) values ('77', 'Enable Flat Shipping', 'MODULE_SHIPPING_FLAT_STATUS', 'True', 'Do you want to offer flat rate shipping?', '6', '0', NULL, '2015-08-06 06:58:04', NULL, 'tep_cfg_select_option(array(\'True\', \'False\'), ');
insert into configuration (configuration_id, configuration_title, configuration_key, configuration_value, configuration_description, configuration_group_id, sort_order, last_modified, date_added, use_function, set_function) values ('78', 'Shipping Cost', 'MODULE_SHIPPING_FLAT_COST', '5.00', 'The shipping cost for all orders using this shipping method.', '6', '0', NULL, '2015-08-06 06:58:04', NULL, NULL);
insert into configuration (configuration_id, configuration_title, configuration_key, configuration_value, configuration_description, configuration_group_id, sort_order, last_modified, date_added, use_function, set_function) values ('79', 'Tax Class', 'MODULE_SHIPPING_FLAT_TAX_CLASS', '0', 'Use the following tax class on the shipping fee.', '6', '0', NULL, '2015-08-06 06:58:04', 'tep_get_tax_class_title', 'tep_cfg_pull_down_tax_classes(');
insert into configuration (configuration_id, configuration_title, configuration_key, configuration_value, configuration_description, configuration_group_id, sort_order, last_modified, date_added, use_function, set_function) values ('80', 'Shipping Zone', 'MODULE_SHIPPING_FLAT_ZONE', '0', 'If a zone is selected, only enable this shipping method for that zone.', '6', '0', NULL, '2015-08-06 06:58:04', 'tep_get_zone_class_title', 'tep_cfg_pull_down_zone_classes(');
insert into configuration (configuration_id, configuration_title, configuration_key, configuration_value, configuration_description, configuration_group_id, sort_order, last_modified, date_added, use_function, set_function) values ('81', 'Sort Order', 'MODULE_SHIPPING_FLAT_SORT_ORDER', '0', 'Sort order of display.', '6', '0', NULL, '2015-08-06 06:58:04', NULL, NULL);
insert into configuration (configuration_id, configuration_title, configuration_key, configuration_value, configuration_description, configuration_group_id, sort_order, last_modified, date_added, use_function, set_function) values ('82', 'Default Currency', 'DEFAULT_CURRENCY', 'USD', 'Default Currency', '6', '0', NULL, '2015-08-06 06:58:04', NULL, NULL);
insert into configuration (configuration_id, configuration_title, configuration_key, configuration_value, configuration_description, configuration_group_id, sort_order, last_modified, date_added, use_function, set_function) values ('83', 'Default Language', 'DEFAULT_LANGUAGE', 'en', 'Default Language', '6', '0', NULL, '2015-08-06 06:58:04', NULL, NULL);
insert into configuration (configuration_id, configuration_title, configuration_key, configuration_value, configuration_description, configuration_group_id, sort_order, last_modified, date_added, use_function, set_function) values ('84', 'Default Order Status For New Orders', 'DEFAULT_ORDERS_STATUS_ID', '1', 'When a new order is created, this order status will be assigned to it.', '6', '0', NULL, '2015-08-06 06:58:04', NULL, NULL);
insert into configuration (configuration_id, configuration_title, configuration_key, configuration_value, configuration_description, configuration_group_id, sort_order, last_modified, date_added, use_function, set_function) values ('85', 'Display Shipping', 'MODULE_ORDER_TOTAL_SHIPPING_STATUS', 'true', 'Do you want to display the order shipping cost?', '6', '1', NULL, '2015-08-06 06:58:04', NULL, 'tep_cfg_select_option(array(\'true\', \'false\'), ');
insert into configuration (configuration_id, configuration_title, configuration_key, configuration_value, configuration_description, configuration_group_id, sort_order, last_modified, date_added, use_function, set_function) values ('86', 'Sort Order', 'MODULE_ORDER_TOTAL_SHIPPING_SORT_ORDER', '2', 'Sort order of display.', '6', '2', NULL, '2015-08-06 06:58:04', NULL, NULL);
insert into configuration (configuration_id, configuration_title, configuration_key, configuration_value, configuration_description, configuration_group_id, sort_order, last_modified, date_added, use_function, set_function) values ('87', 'Allow Free Shipping', 'MODULE_ORDER_TOTAL_SHIPPING_FREE_SHIPPING', 'false', 'Do you want to allow free shipping?', '6', '3', NULL, '2015-08-06 06:58:04', NULL, 'tep_cfg_select_option(array(\'true\', \'false\'), ');
insert into configuration (configuration_id, configuration_title, configuration_key, configuration_value, configuration_description, configuration_group_id, sort_order, last_modified, date_added, use_function, set_function) values ('88', 'Free Shipping For Orders Over', 'MODULE_ORDER_TOTAL_SHIPPING_FREE_SHIPPING_OVER', '50', 'Provide free shipping for orders over the set amount.', '6', '4', NULL, '2015-08-06 06:58:04', 'currencies->format', NULL);
insert into configuration (configuration_id, configuration_title, configuration_key, configuration_value, configuration_description, configuration_group_id, sort_order, last_modified, date_added, use_function, set_function) values ('89', 'Provide Free Shipping For Orders Made', 'MODULE_ORDER_TOTAL_SHIPPING_DESTINATION', 'national', 'Provide free shipping for orders sent to the set destination.', '6', '5', NULL, '2015-08-06 06:58:04', NULL, 'tep_cfg_select_option(array(\'national\', \'international\', \'both\'), ');
insert into configuration (configuration_id, configuration_title, configuration_key, configuration_value, configuration_description, configuration_group_id, sort_order, last_modified, date_added, use_function, set_function) values ('90', 'Display Sub-Total', 'MODULE_ORDER_TOTAL_SUBTOTAL_STATUS', 'true', 'Do you want to display the order sub-total cost?', '6', '1', NULL, '2015-08-06 06:58:04', NULL, 'tep_cfg_select_option(array(\'true\', \'false\'), ');
insert into configuration (configuration_id, configuration_title, configuration_key, configuration_value, configuration_description, configuration_group_id, sort_order, last_modified, date_added, use_function, set_function) values ('91', 'Sort Order', 'MODULE_ORDER_TOTAL_SUBTOTAL_SORT_ORDER', '1', 'Sort order of display.', '6', '2', NULL, '2015-08-06 06:58:04', NULL, NULL);
insert into configuration (configuration_id, configuration_title, configuration_key, configuration_value, configuration_description, configuration_group_id, sort_order, last_modified, date_added, use_function, set_function) values ('92', 'Display Tax', 'MODULE_ORDER_TOTAL_TAX_STATUS', 'true', 'Do you want to display the order tax value?', '6', '1', NULL, '2015-08-06 06:58:04', NULL, 'tep_cfg_select_option(array(\'true\', \'false\'), ');
insert into configuration (configuration_id, configuration_title, configuration_key, configuration_value, configuration_description, configuration_group_id, sort_order, last_modified, date_added, use_function, set_function) values ('93', 'Sort Order', 'MODULE_ORDER_TOTAL_TAX_SORT_ORDER', '3', 'Sort order of display.', '6', '2', NULL, '2015-08-06 06:58:04', NULL, NULL);
insert into configuration (configuration_id, configuration_title, configuration_key, configuration_value, configuration_description, configuration_group_id, sort_order, last_modified, date_added, use_function, set_function) values ('94', 'Display Total', 'MODULE_ORDER_TOTAL_TOTAL_STATUS', 'true', 'Do you want to display the total order value?', '6', '1', NULL, '2015-08-06 06:58:04', NULL, 'tep_cfg_select_option(array(\'true\', \'false\'), ');
insert into configuration (configuration_id, configuration_title, configuration_key, configuration_value, configuration_description, configuration_group_id, sort_order, last_modified, date_added, use_function, set_function) values ('95', 'Sort Order', 'MODULE_ORDER_TOTAL_TOTAL_SORT_ORDER', '4', 'Sort order of display.', '6', '2', NULL, '2015-08-06 06:58:04', NULL, NULL);
insert into configuration (configuration_id, configuration_title, configuration_key, configuration_value, configuration_description, configuration_group_id, sort_order, last_modified, date_added, use_function, set_function) values ('96', 'Minimum Minutes Per E-Mail', 'MODULE_ACTION_RECORDER_CONTACT_US_EMAIL_MINUTES', '15', 'Minimum number of minutes to allow 1 e-mail to be sent (eg, 15 for 1 e-mail every 15 minutes)', '6', '0', NULL, '2015-08-06 06:58:04', NULL, NULL);
insert into configuration (configuration_id, configuration_title, configuration_key, configuration_value, configuration_description, configuration_group_id, sort_order, last_modified, date_added, use_function, set_function) values ('97', 'Minimum Minutes Per E-Mail', 'MODULE_ACTION_RECORDER_TELL_A_FRIEND_EMAIL_MINUTES', '15', 'Minimum number of minutes to allow 1 e-mail to be sent (eg, 15 for 1 e-mail every 15 minutes)', '6', '0', NULL, '2015-08-06 06:58:04', NULL, NULL);
insert into configuration (configuration_id, configuration_title, configuration_key, configuration_value, configuration_description, configuration_group_id, sort_order, last_modified, date_added, use_function, set_function) values ('98', 'Allowed Minutes', 'MODULE_ACTION_RECORDER_ADMIN_LOGIN_MINUTES', '5', 'Number of minutes to allow login attempts to occur.', '6', '0', NULL, '2015-08-06 06:58:04', NULL, NULL);
insert into configuration (configuration_id, configuration_title, configuration_key, configuration_value, configuration_description, configuration_group_id, sort_order, last_modified, date_added, use_function, set_function) values ('99', 'Allowed Attempts', 'MODULE_ACTION_RECORDER_ADMIN_LOGIN_ATTEMPTS', '3', 'Number of login attempts to allow within the specified period.', '6', '0', NULL, '2015-08-06 06:58:04', NULL, NULL);
insert into configuration (configuration_id, configuration_title, configuration_key, configuration_value, configuration_description, configuration_group_id, sort_order, last_modified, date_added, use_function, set_function) values ('100', 'Allowed Minutes', 'MODULE_ACTION_RECORDER_RESET_PASSWORD_MINUTES', '5', 'Number of minutes to allow password resets to occur.', '6', '0', NULL, '2015-08-06 06:58:04', NULL, NULL);
insert into configuration (configuration_id, configuration_title, configuration_key, configuration_value, configuration_description, configuration_group_id, sort_order, last_modified, date_added, use_function, set_function) values ('101', 'Allowed Attempts', 'MODULE_ACTION_RECORDER_RESET_PASSWORD_ATTEMPTS', '1', 'Number of password reset attempts to allow within the specified period.', '6', '0', NULL, '2015-08-06 06:58:04', NULL, NULL);
insert into configuration (configuration_id, configuration_title, configuration_key, configuration_value, configuration_description, configuration_group_id, sort_order, last_modified, date_added, use_function, set_function) values ('102', 'Enable E-Mail Module', 'MODULE_SOCIAL_BOOKMARKS_EMAIL_STATUS', 'True', 'Do you want to allow products to be shared through e-mail?', '6', '1', NULL, '2015-08-06 06:58:04', NULL, 'tep_cfg_select_option(array(\'True\', \'False\'), ');
insert into configuration (configuration_id, configuration_title, configuration_key, configuration_value, configuration_description, configuration_group_id, sort_order, last_modified, date_added, use_function, set_function) values ('103', 'Sort Order', 'MODULE_SOCIAL_BOOKMARKS_EMAIL_SORT_ORDER', '10', 'Sort order of display. Lowest is displayed first.', '6', '0', NULL, '2015-08-06 06:58:04', NULL, NULL);
insert into configuration (configuration_id, configuration_title, configuration_key, configuration_value, configuration_description, configuration_group_id, sort_order, last_modified, date_added, use_function, set_function) values ('104', 'Enable Google+ Share Module', 'MODULE_SOCIAL_BOOKMARKS_GOOGLE_PLUS_SHARE_STATUS', 'True', 'Do you want to allow products to be shared through Google+?', '6', '1', NULL, '2015-08-06 06:58:04', NULL, 'tep_cfg_select_option(array(\'True\', \'False\'), ');
insert into configuration (configuration_id, configuration_title, configuration_key, configuration_value, configuration_description, configuration_group_id, sort_order, last_modified, date_added, use_function, set_function) values ('105', 'Annotation', 'MODULE_SOCIAL_BOOKMARKS_GOOGLE_PLUS_SHARE_ANNOTATION', 'None', 'The annotation to display next to the button.', '6', '1', NULL, '2015-08-06 06:58:04', NULL, 'tep_cfg_select_option(array(\'Inline\', \'Bubble\', \'Vertical-Bubble\', \'None\'), ');
insert into configuration (configuration_id, configuration_title, configuration_key, configuration_value, configuration_description, configuration_group_id, sort_order, last_modified, date_added, use_function, set_function) values ('106', 'Width', 'MODULE_SOCIAL_BOOKMARKS_GOOGLE_PLUS_SHARE_WIDTH', '', 'The maximum width of the button.', '6', '0', NULL, '2015-08-06 06:58:04', NULL, NULL);
insert into configuration (configuration_id, configuration_title, configuration_key, configuration_value, configuration_description, configuration_group_id, sort_order, last_modified, date_added, use_function, set_function) values ('107', 'Height', 'MODULE_SOCIAL_BOOKMARKS_GOOGLE_PLUS_SHARE_HEIGHT', '15', 'Sets the height of the button.', '6', '1', NULL, '2015-08-06 06:58:04', NULL, 'tep_cfg_select_option(array(\'15\', \'20\', \'24\', \'60\'), ');
insert into configuration (configuration_id, configuration_title, configuration_key, configuration_value, configuration_description, configuration_group_id, sort_order, last_modified, date_added, use_function, set_function) values ('108', 'Alignment', 'MODULE_SOCIAL_BOOKMARKS_GOOGLE_PLUS_SHARE_ALIGN', 'Left', 'The alignment of the button assets.', '6', '1', NULL, '2015-08-06 06:58:04', NULL, 'tep_cfg_select_option(array(\'Left\', \'Right\'), ');
insert into configuration (configuration_id, configuration_title, configuration_key, configuration_value, configuration_description, configuration_group_id, sort_order, last_modified, date_added, use_function, set_function) values ('109', 'Sort Order', 'MODULE_SOCIAL_BOOKMARKS_GOOGLE_PLUS_SHARE_SORT_ORDER', '20', 'Sort order of display. Lowest is displayed first.', '6', '0', NULL, '2015-08-06 06:58:04', NULL, NULL);
insert into configuration (configuration_id, configuration_title, configuration_key, configuration_value, configuration_description, configuration_group_id, sort_order, last_modified, date_added, use_function, set_function) values ('110', 'Enable Facebook Module', 'MODULE_SOCIAL_BOOKMARKS_FACEBOOK_STATUS', 'True', 'Do you want to allow products to be shared through Facebook?', '6', '1', NULL, '2015-08-06 06:58:04', NULL, 'tep_cfg_select_option(array(\'True\', \'False\'), ');
insert into configuration (configuration_id, configuration_title, configuration_key, configuration_value, configuration_description, configuration_group_id, sort_order, last_modified, date_added, use_function, set_function) values ('111', 'Sort Order', 'MODULE_SOCIAL_BOOKMARKS_FACEBOOK_SORT_ORDER', '30', 'Sort order of display. Lowest is displayed first.', '6', '0', NULL, '2015-08-06 06:58:04', NULL, NULL);
insert into configuration (configuration_id, configuration_title, configuration_key, configuration_value, configuration_description, configuration_group_id, sort_order, last_modified, date_added, use_function, set_function) values ('112', 'Enable Twitter Module', 'MODULE_SOCIAL_BOOKMARKS_TWITTER_STATUS', 'True', 'Do you want to allow products to be shared through Twitter?', '6', '1', NULL, '2015-08-06 06:58:04', NULL, 'tep_cfg_select_option(array(\'True\', \'False\'), ');
insert into configuration (configuration_id, configuration_title, configuration_key, configuration_value, configuration_description, configuration_group_id, sort_order, last_modified, date_added, use_function, set_function) values ('113', 'Sort Order', 'MODULE_SOCIAL_BOOKMARKS_TWITTER_SORT_ORDER', '40', 'Sort order of display. Lowest is displayed first.', '6', '0', NULL, '2015-08-06 06:58:04', NULL, NULL);
insert into configuration (configuration_id, configuration_title, configuration_key, configuration_value, configuration_description, configuration_group_id, sort_order, last_modified, date_added, use_function, set_function) values ('114', 'Enable Pinterest Module', 'MODULE_SOCIAL_BOOKMARKS_PINTEREST_STATUS', 'True', 'Do you want to allow Pinterest Button?', '6', '1', NULL, '2015-08-06 06:58:04', NULL, 'tep_cfg_select_option(array(\'True\', \'False\'), ');
insert into configuration (configuration_id, configuration_title, configuration_key, configuration_value, configuration_description, configuration_group_id, sort_order, last_modified, date_added, use_function, set_function) values ('115', 'Layout Position', 'MODULE_SOCIAL_BOOKMARKS_PINTEREST_BUTTON_COUNT_POSITION', 'None', 'Horizontal or Vertical or None', '6', '2', NULL, '2015-08-06 06:58:04', NULL, 'tep_cfg_select_option(array(\'Horizontal\', \'Vertical\', \'None\'), ');
insert into configuration (configuration_id, configuration_title, configuration_key, configuration_value, configuration_description, configuration_group_id, sort_order, last_modified, date_added, use_function, set_function) values ('116', 'Sort Order', 'MODULE_SOCIAL_BOOKMARKS_PINTEREST_SORT_ORDER', '50', 'Sort order of display. Lowest is displayed first.', '6', '0', NULL, '2015-08-06 06:58:04', NULL, NULL);
insert into configuration (configuration_id, configuration_title, configuration_key, configuration_value, configuration_description, configuration_group_id, sort_order, last_modified, date_added, use_function, set_function) values ('117', 'Country of Origin', 'SHIPPING_ORIGIN_COUNTRY', '223', 'Select the country of origin to be used in shipping quotes.', '7', '1', NULL, '2015-08-06 06:58:04', 'tep_get_country_name', 'tep_cfg_pull_down_country_list(');
insert into configuration (configuration_id, configuration_title, configuration_key, configuration_value, configuration_description, configuration_group_id, sort_order, last_modified, date_added, use_function, set_function) values ('118', 'Postal Code', 'SHIPPING_ORIGIN_ZIP', 'NONE', 'Enter the Postal Code (ZIP) of the Store to be used in shipping quotes.', '7', '2', NULL, '2015-08-06 06:58:04', NULL, NULL);
insert into configuration (configuration_id, configuration_title, configuration_key, configuration_value, configuration_description, configuration_group_id, sort_order, last_modified, date_added, use_function, set_function) values ('119', 'Enter the Maximum Package Weight you will ship', 'SHIPPING_MAX_WEIGHT', '50', 'Carriers have a max weight limit for a single package. This is a common one for all.', '7', '3', NULL, '2015-08-06 06:58:04', NULL, NULL);
insert into configuration (configuration_id, configuration_title, configuration_key, configuration_value, configuration_description, configuration_group_id, sort_order, last_modified, date_added, use_function, set_function) values ('120', 'Package Tare weight.', 'SHIPPING_BOX_WEIGHT', '3', 'What is the weight of typical packaging of small to medium packages?', '7', '4', NULL, '2015-08-06 06:58:04', NULL, NULL);
insert into configuration (configuration_id, configuration_title, configuration_key, configuration_value, configuration_description, configuration_group_id, sort_order, last_modified, date_added, use_function, set_function) values ('121', 'Larger packages - percentage increase.', 'SHIPPING_BOX_PADDING', '10', 'For 10% enter 10', '7', '5', NULL, '2015-08-06 06:58:04', NULL, NULL);
insert into configuration (configuration_id, configuration_title, configuration_key, configuration_value, configuration_description, configuration_group_id, sort_order, last_modified, date_added, use_function, set_function) values ('122', 'Allow Orders Not Matching Defined Shipping Zones ', 'SHIPPING_ALLOW_UNDEFINED_ZONES', 'False', 'Should orders be allowed to shipping addresses not matching defined shipping module shipping zones?', '7', '5', NULL, '2015-08-06 06:58:04', NULL, 'tep_cfg_select_option(array(\'True\', \'False\'), ');
insert into configuration (configuration_id, configuration_title, configuration_key, configuration_value, configuration_description, configuration_group_id, sort_order, last_modified, date_added, use_function, set_function) values ('123', 'Display Product Image', 'PRODUCT_LIST_IMAGE', '1', 'Do you want to display the Product Image?', '8', '1', NULL, '2015-08-06 06:58:04', NULL, NULL);
insert into configuration (configuration_id, configuration_title, configuration_key, configuration_value, configuration_description, configuration_group_id, sort_order, last_modified, date_added, use_function, set_function) values ('124', 'Display Product Manufacturer Name', 'PRODUCT_LIST_MANUFACTURER', '0', 'Do you want to display the Product Manufacturer Name?', '8', '2', NULL, '2015-08-06 06:58:04', NULL, NULL);
insert into configuration (configuration_id, configuration_title, configuration_key, configuration_value, configuration_description, configuration_group_id, sort_order, last_modified, date_added, use_function, set_function) values ('125', 'Display Product Model', 'PRODUCT_LIST_MODEL', '0', 'Do you want to display the Product Model?', '8', '3', NULL, '2015-08-06 06:58:04', NULL, NULL);
insert into configuration (configuration_id, configuration_title, configuration_key, configuration_value, configuration_description, configuration_group_id, sort_order, last_modified, date_added, use_function, set_function) values ('126', 'Display Product Name', 'PRODUCT_LIST_NAME', '2', 'Do you want to display the Product Name?', '8', '4', NULL, '2015-08-06 06:58:04', NULL, NULL);
insert into configuration (configuration_id, configuration_title, configuration_key, configuration_value, configuration_description, configuration_group_id, sort_order, last_modified, date_added, use_function, set_function) values ('127', 'Display Product Price', 'PRODUCT_LIST_PRICE', '3', 'Do you want to display the Product Price', '8', '5', NULL, '2015-08-06 06:58:04', NULL, NULL);
insert into configuration (configuration_id, configuration_title, configuration_key, configuration_value, configuration_description, configuration_group_id, sort_order, last_modified, date_added, use_function, set_function) values ('128', 'Display Product Quantity', 'PRODUCT_LIST_QUANTITY', '0', 'Do you want to display the Product Quantity?', '8', '6', NULL, '2015-08-06 06:58:04', NULL, NULL);
insert into configuration (configuration_id, configuration_title, configuration_key, configuration_value, configuration_description, configuration_group_id, sort_order, last_modified, date_added, use_function, set_function) values ('129', 'Display Product Weight', 'PRODUCT_LIST_WEIGHT', '0', 'Do you want to display the Product Weight?', '8', '7', NULL, '2015-08-06 06:58:04', NULL, NULL);
insert into configuration (configuration_id, configuration_title, configuration_key, configuration_value, configuration_description, configuration_group_id, sort_order, last_modified, date_added, use_function, set_function) values ('130', 'Display Buy Now column', 'PRODUCT_LIST_BUY_NOW', '4', 'Do you want to display the Buy Now column?', '8', '8', NULL, '2015-08-06 06:58:04', NULL, NULL);
insert into configuration (configuration_id, configuration_title, configuration_key, configuration_value, configuration_description, configuration_group_id, sort_order, last_modified, date_added, use_function, set_function) values ('131', 'Display Category/Manufacturer Filter (0=disable; 1=enable)', 'PRODUCT_LIST_FILTER', '1', 'Do you want to display the Category/Manufacturer Filter?', '8', '9', NULL, '2015-08-06 06:58:04', NULL, NULL);
insert into configuration (configuration_id, configuration_title, configuration_key, configuration_value, configuration_description, configuration_group_id, sort_order, last_modified, date_added, use_function, set_function) values ('132', 'Location of Prev/Next Navigation Bar (1-top, 2-bottom, 3-both)', 'PREV_NEXT_BAR_LOCATION', '2', 'Sets the location of the Prev/Next Navigation Bar (1-top, 2-bottom, 3-both)', '8', '10', NULL, '2015-08-06 06:58:04', NULL, NULL);
insert into configuration (configuration_id, configuration_title, configuration_key, configuration_value, configuration_description, configuration_group_id, sort_order, last_modified, date_added, use_function, set_function) values ('133', 'Check stock level', 'STOCK_CHECK', 'true', 'Check to see if sufficent stock is available', '9', '1', NULL, '2015-08-06 06:58:04', NULL, 'tep_cfg_select_option(array(\'true\', \'false\'), ');
insert into configuration (configuration_id, configuration_title, configuration_key, configuration_value, configuration_description, configuration_group_id, sort_order, last_modified, date_added, use_function, set_function) values ('134', 'Subtract stock', 'STOCK_LIMITED', 'true', 'Subtract product in stock by product orders', '9', '2', NULL, '2015-08-06 06:58:04', NULL, 'tep_cfg_select_option(array(\'true\', \'false\'), ');
insert into configuration (configuration_id, configuration_title, configuration_key, configuration_value, configuration_description, configuration_group_id, sort_order, last_modified, date_added, use_function, set_function) values ('135', 'Allow Checkout', 'STOCK_ALLOW_CHECKOUT', 'true', 'Allow customer to checkout even if there is insufficient stock', '9', '3', NULL, '2015-08-06 06:58:04', NULL, 'tep_cfg_select_option(array(\'true\', \'false\'), ');
insert into configuration (configuration_id, configuration_title, configuration_key, configuration_value, configuration_description, configuration_group_id, sort_order, last_modified, date_added, use_function, set_function) values ('136', 'Mark product out of stock', 'STOCK_MARK_PRODUCT_OUT_OF_STOCK', '***', 'Display something on screen so customer can see which product has insufficient stock', '9', '4', NULL, '2015-08-06 06:58:04', NULL, NULL);
insert into configuration (configuration_id, configuration_title, configuration_key, configuration_value, configuration_description, configuration_group_id, sort_order, last_modified, date_added, use_function, set_function) values ('137', 'Stock Re-order level', 'STOCK_REORDER_LEVEL', '5', 'Define when stock needs to be re-ordered', '9', '5', NULL, '2015-08-06 06:58:04', NULL, NULL);
insert into configuration (configuration_id, configuration_title, configuration_key, configuration_value, configuration_description, configuration_group_id, sort_order, last_modified, date_added, use_function, set_function) values ('138', 'Store Page Parse Time', 'STORE_PAGE_PARSE_TIME', 'false', 'Store the time it takes to parse a page', '10', '1', NULL, '2015-08-06 06:58:04', NULL, 'tep_cfg_select_option(array(\'true\', \'false\'), ');
insert into configuration (configuration_id, configuration_title, configuration_key, configuration_value, configuration_description, configuration_group_id, sort_order, last_modified, date_added, use_function, set_function) values ('139', 'Log Destination', 'STORE_PAGE_PARSE_TIME_LOG', '/var/log/www/tep/page_parse_time.log', 'Directory and filename of the page parse time log', '10', '2', NULL, '2015-08-06 06:58:04', NULL, NULL);
insert into configuration (configuration_id, configuration_title, configuration_key, configuration_value, configuration_description, configuration_group_id, sort_order, last_modified, date_added, use_function, set_function) values ('140', 'Log Date Format', 'STORE_PARSE_DATE_TIME_FORMAT', '%d/%m/%Y %H:%M:%S', 'The date format', '10', '3', NULL, '2015-08-06 06:58:04', NULL, NULL);
insert into configuration (configuration_id, configuration_title, configuration_key, configuration_value, configuration_description, configuration_group_id, sort_order, last_modified, date_added, use_function, set_function) values ('141', 'Display The Page Parse Time', 'DISPLAY_PAGE_PARSE_TIME', 'true', 'Display the page parse time (store page parse time must be enabled)', '10', '4', NULL, '2015-08-06 06:58:04', NULL, 'tep_cfg_select_option(array(\'true\', \'false\'), ');
insert into configuration (configuration_id, configuration_title, configuration_key, configuration_value, configuration_description, configuration_group_id, sort_order, last_modified, date_added, use_function, set_function) values ('142', 'Store Database Queries', 'STORE_DB_TRANSACTIONS', 'false', 'Store the database queries in the page parse time log', '10', '5', NULL, '2015-08-06 06:58:04', NULL, 'tep_cfg_select_option(array(\'true\', \'false\'), ');
insert into configuration (configuration_id, configuration_title, configuration_key, configuration_value, configuration_description, configuration_group_id, sort_order, last_modified, date_added, use_function, set_function) values ('143', 'Use Cache', 'USE_CACHE', 'false', 'Use caching features', '11', '1', NULL, '2015-08-06 06:58:04', NULL, 'tep_cfg_select_option(array(\'true\', \'false\'), ');
insert into configuration (configuration_id, configuration_title, configuration_key, configuration_value, configuration_description, configuration_group_id, sort_order, last_modified, date_added, use_function, set_function) values ('144', 'Cache Directory', 'DIR_FS_CACHE', '/home/erangaah/public_html/sudhara/osc3/includes/work/', 'The directory where the cached files are saved', '11', '2', NULL, '2015-08-06 06:58:04', NULL, NULL);
insert into configuration (configuration_id, configuration_title, configuration_key, configuration_value, configuration_description, configuration_group_id, sort_order, last_modified, date_added, use_function, set_function) values ('145', 'E-Mail Transport Method', 'EMAIL_TRANSPORT', 'sendmail', 'Defines if this server uses a local connection to sendmail or uses an SMTP connection via TCP/IP. Servers running on Windows and MacOS should change this setting to SMTP.', '12', '1', NULL, '2015-08-06 06:58:04', NULL, 'tep_cfg_select_option(array(\'sendmail\', \'smtp\'),');
insert into configuration (configuration_id, configuration_title, configuration_key, configuration_value, configuration_description, configuration_group_id, sort_order, last_modified, date_added, use_function, set_function) values ('146', 'E-Mail Linefeeds', 'EMAIL_LINEFEED', 'LF', 'Defines the character sequence used to separate mail headers.', '12', '2', NULL, '2015-08-06 06:58:04', NULL, 'tep_cfg_select_option(array(\'LF\', \'CRLF\'),');
insert into configuration (configuration_id, configuration_title, configuration_key, configuration_value, configuration_description, configuration_group_id, sort_order, last_modified, date_added, use_function, set_function) values ('147', 'Use MIME HTML When Sending Emails', 'EMAIL_USE_HTML', 'false', 'Send e-mails in HTML format', '12', '3', NULL, '2015-08-06 06:58:04', NULL, 'tep_cfg_select_option(array(\'true\', \'false\'),');
insert into configuration (configuration_id, configuration_title, configuration_key, configuration_value, configuration_description, configuration_group_id, sort_order, last_modified, date_added, use_function, set_function) values ('148', 'Verify E-Mail Addresses Through DNS', 'ENTRY_EMAIL_ADDRESS_CHECK', 'false', 'Verify e-mail address through a DNS server', '12', '4', NULL, '2015-08-06 06:58:04', NULL, 'tep_cfg_select_option(array(\'true\', \'false\'), ');
insert into configuration (configuration_id, configuration_title, configuration_key, configuration_value, configuration_description, configuration_group_id, sort_order, last_modified, date_added, use_function, set_function) values ('149', 'Send E-Mails', 'SEND_EMAILS', 'true', 'Send out e-mails', '12', '5', NULL, '2015-08-06 06:58:04', NULL, 'tep_cfg_select_option(array(\'true\', \'false\'), ');
insert into configuration (configuration_id, configuration_title, configuration_key, configuration_value, configuration_description, configuration_group_id, sort_order, last_modified, date_added, use_function, set_function) values ('150', 'Enable download', 'DOWNLOAD_ENABLED', 'false', 'Enable the products download functions.', '13', '1', NULL, '2015-08-06 06:58:04', NULL, 'tep_cfg_select_option(array(\'true\', \'false\'), ');
insert into configuration (configuration_id, configuration_title, configuration_key, configuration_value, configuration_description, configuration_group_id, sort_order, last_modified, date_added, use_function, set_function) values ('151', 'Download by redirect', 'DOWNLOAD_BY_REDIRECT', 'false', 'Use browser redirection for download. Disable on non-Unix systems.', '13', '2', NULL, '2015-08-06 06:58:04', NULL, 'tep_cfg_select_option(array(\'true\', \'false\'), ');
insert into configuration (configuration_id, configuration_title, configuration_key, configuration_value, configuration_description, configuration_group_id, sort_order, last_modified, date_added, use_function, set_function) values ('152', 'Expiry delay (days)', 'DOWNLOAD_MAX_DAYS', '7', 'Set number of days before the download link expires. 0 means no limit.', '13', '3', NULL, '2015-08-06 06:58:04', NULL, '');
insert into configuration (configuration_id, configuration_title, configuration_key, configuration_value, configuration_description, configuration_group_id, sort_order, last_modified, date_added, use_function, set_function) values ('153', 'Maximum number of downloads', 'DOWNLOAD_MAX_COUNT', '5', 'Set the maximum number of downloads. 0 means no download authorized.', '13', '4', NULL, '2015-08-06 06:58:04', NULL, '');
insert into configuration (configuration_id, configuration_title, configuration_key, configuration_value, configuration_description, configuration_group_id, sort_order, last_modified, date_added, use_function, set_function) values ('154', 'Enable GZip Compression', 'GZIP_COMPRESSION', 'false', 'Enable HTTP GZip compression.', '14', '1', NULL, '2015-08-06 06:58:04', NULL, 'tep_cfg_select_option(array(\'true\', \'false\'), ');
insert into configuration (configuration_id, configuration_title, configuration_key, configuration_value, configuration_description, configuration_group_id, sort_order, last_modified, date_added, use_function, set_function) values ('155', 'Compression Level', 'GZIP_LEVEL', '5', 'Use this compression level 0-9 (0 = minimum, 9 = maximum).', '14', '2', NULL, '2015-08-06 06:58:04', NULL, NULL);
insert into configuration (configuration_id, configuration_title, configuration_key, configuration_value, configuration_description, configuration_group_id, sort_order, last_modified, date_added, use_function, set_function) values ('156', 'Session Directory', 'SESSION_WRITE_DIRECTORY', '/home/erangaah/public_html/sudhara/osc3/includes/work/', 'If sessions are file based, store them in this directory.', '15', '1', NULL, '2015-08-06 06:58:04', NULL, NULL);
insert into configuration (configuration_id, configuration_title, configuration_key, configuration_value, configuration_description, configuration_group_id, sort_order, last_modified, date_added, use_function, set_function) values ('157', 'Force Cookie Use', 'SESSION_FORCE_COOKIE_USE', 'False', 'Force the use of sessions when cookies are only enabled.', '15', '2', NULL, '2015-08-06 06:58:04', NULL, 'tep_cfg_select_option(array(\'True\', \'False\'), ');
insert into configuration (configuration_id, configuration_title, configuration_key, configuration_value, configuration_description, configuration_group_id, sort_order, last_modified, date_added, use_function, set_function) values ('158', 'Check SSL Session ID', 'SESSION_CHECK_SSL_SESSION_ID', 'False', 'Validate the SSL_SESSION_ID on every secure HTTPS page request.', '15', '3', NULL, '2015-08-06 06:58:04', NULL, 'tep_cfg_select_option(array(\'True\', \'False\'), ');
insert into configuration (configuration_id, configuration_title, configuration_key, configuration_value, configuration_description, configuration_group_id, sort_order, last_modified, date_added, use_function, set_function) values ('159', 'Check User Agent', 'SESSION_CHECK_USER_AGENT', 'False', 'Validate the clients browser user agent on every page request.', '15', '4', NULL, '2015-08-06 06:58:04', NULL, 'tep_cfg_select_option(array(\'True\', \'False\'), ');
insert into configuration (configuration_id, configuration_title, configuration_key, configuration_value, configuration_description, configuration_group_id, sort_order, last_modified, date_added, use_function, set_function) values ('160', 'Check IP Address', 'SESSION_CHECK_IP_ADDRESS', 'False', 'Validate the clients IP address on every page request.', '15', '5', NULL, '2015-08-06 06:58:04', NULL, 'tep_cfg_select_option(array(\'True\', \'False\'), ');
insert into configuration (configuration_id, configuration_title, configuration_key, configuration_value, configuration_description, configuration_group_id, sort_order, last_modified, date_added, use_function, set_function) values ('161', 'Prevent Spider Sessions', 'SESSION_BLOCK_SPIDERS', 'True', 'Prevent known spiders from starting a session.', '15', '6', NULL, '2015-08-06 06:58:04', NULL, 'tep_cfg_select_option(array(\'True\', \'False\'), ');
insert into configuration (configuration_id, configuration_title, configuration_key, configuration_value, configuration_description, configuration_group_id, sort_order, last_modified, date_added, use_function, set_function) values ('162', 'Recreate Session', 'SESSION_RECREATE', 'True', 'Recreate the session to generate a new session ID when the customer logs on or creates an account (PHP >=4.1 needed).', '15', '7', NULL, '2015-08-06 06:58:04', NULL, 'tep_cfg_select_option(array(\'True\', \'False\'), ');
insert into configuration (configuration_id, configuration_title, configuration_key, configuration_value, configuration_description, configuration_group_id, sort_order, last_modified, date_added, use_function, set_function) values ('163', 'Last Update Check Time', 'LAST_UPDATE_CHECK_TIME', '', 'Last time a check for new versions of osCommerce was run', '6', '0', NULL, '2015-08-06 06:58:04', NULL, NULL);
insert into configuration (configuration_id, configuration_title, configuration_key, configuration_value, configuration_description, configuration_group_id, sort_order, last_modified, date_added, use_function, set_function) values ('164', 'Store Logo', 'STORE_LOGO', 'store_logo.png', 'This is the filename of your Store Logo.  This should be updated at admin > configuration > Store Logo', '6', '1000', NULL, '2015-08-06 06:58:04', NULL, NULL);
insert into configuration (configuration_id, configuration_title, configuration_key, configuration_value, configuration_description, configuration_group_id, sort_order, last_modified, date_added, use_function, set_function) values ('165', 'Bootstrap Container', 'BOOTSTRAP_CONTAINER', 'container-fluid', 'What type of container should the page content be shown in? See http://getbootstrap.com/css/#overview-container', '16', '1', NULL, '2015-08-06 06:58:04', NULL, 'tep_cfg_select_option(array(\'container-fluid\', \'container\'), ');
insert into configuration (configuration_id, configuration_title, configuration_key, configuration_value, configuration_description, configuration_group_id, sort_order, last_modified, date_added, use_function, set_function) values ('166', 'Bootstrap Content', 'BOOTSTRAP_CONTENT', '8', 'What width should the page content default to?  (8 = two thirds width, 6 = half width, 4 = one third width) Note that the Side Column(s) will adjust automatically.', '16', '2', NULL, '2015-08-06 06:58:04', NULL, 'tep_cfg_select_option(array(\'8\', \'6\', \'4\'), ');
insert into configuration (configuration_id, configuration_title, configuration_key, configuration_value, configuration_description, configuration_group_id, sort_order, last_modified, date_added, use_function, set_function) values ('167', 'Enable PayPal Express Checkout', 'MODULE_PAYMENT_PAYPAL_EXPRESS_STATUS', 'True', 'Do you want to accept PayPal Express Checkout payments?', '6', '1', NULL, '2015-08-06 06:58:05', NULL, 'tep_cfg_select_option(array(\'True\', \'False\'), ');
insert into configuration (configuration_id, configuration_title, configuration_key, configuration_value, configuration_description, configuration_group_id, sort_order, last_modified, date_added, use_function, set_function) values ('168', 'Seller Account', 'MODULE_PAYMENT_PAYPAL_EXPRESS_SELLER_ACCOUNT', 'ceylonemail@gmail.com', 'The email address of the seller account if no API credentials has been setup.', '6', '0', NULL, '2015-08-06 06:58:05', NULL, NULL);
insert into configuration (configuration_id, configuration_title, configuration_key, configuration_value, configuration_description, configuration_group_id, sort_order, last_modified, date_added, use_function, set_function) values ('169', 'API Username', 'MODULE_PAYMENT_PAYPAL_EXPRESS_API_USERNAME', '', 'The username to use for the PayPal API service', '6', '0', NULL, '2015-08-06 06:58:05', NULL, NULL);
insert into configuration (configuration_id, configuration_title, configuration_key, configuration_value, configuration_description, configuration_group_id, sort_order, last_modified, date_added, use_function, set_function) values ('170', 'API Password', 'MODULE_PAYMENT_PAYPAL_EXPRESS_API_PASSWORD', '', 'The password to use for the PayPal API service', '6', '0', NULL, '2015-08-06 06:58:05', NULL, NULL);
insert into configuration (configuration_id, configuration_title, configuration_key, configuration_value, configuration_description, configuration_group_id, sort_order, last_modified, date_added, use_function, set_function) values ('171', 'API Signature', 'MODULE_PAYMENT_PAYPAL_EXPRESS_API_SIGNATURE', '', 'The signature to use for the PayPal API service', '6', '0', NULL, '2015-08-06 06:58:05', NULL, NULL);
insert into configuration (configuration_id, configuration_title, configuration_key, configuration_value, configuration_description, configuration_group_id, sort_order, last_modified, date_added, use_function, set_function) values ('172', 'PayPal Account Optional', 'MODULE_PAYMENT_PAYPAL_EXPRESS_ACCOUNT_OPTIONAL', 'False', 'This must also be enabled in your PayPal account, in Profile > Website Payment Preferences.', '6', '0', NULL, '2015-08-06 06:58:05', NULL, 'tep_cfg_select_option(array(\'True\', \'False\'), ');
insert into configuration (configuration_id, configuration_title, configuration_key, configuration_value, configuration_description, configuration_group_id, sort_order, last_modified, date_added, use_function, set_function) values ('173', 'PayPal Instant Update', 'MODULE_PAYMENT_PAYPAL_EXPRESS_INSTANT_UPDATE', 'True', 'Support PayPal shipping and tax calculations on the PayPal.com site during Express Checkout.', '6', '0', NULL, '2015-08-06 06:58:05', NULL, 'tep_cfg_select_option(array(\'True\', \'False\'), ');
insert into configuration (configuration_id, configuration_title, configuration_key, configuration_value, configuration_description, configuration_group_id, sort_order, last_modified, date_added, use_function, set_function) values ('174', 'PayPal Checkout Image', 'MODULE_PAYMENT_PAYPAL_EXPRESS_CHECKOUT_IMAGE', 'Static', 'Use static or dynamic Express Checkout image buttons. Dynamic images are used with PayPal campaigns.', '6', '0', NULL, '2015-08-06 06:58:05', NULL, 'tep_cfg_select_option(array(\'Static\', \'Dynamic\'), ');
insert into configuration (configuration_id, configuration_title, configuration_key, configuration_value, configuration_description, configuration_group_id, sort_order, last_modified, date_added, use_function, set_function) values ('175', 'Page Style', 'MODULE_PAYMENT_PAYPAL_EXPRESS_PAGE_STYLE', '', 'The page style to use for the checkout flow (defined at your PayPal Profile page)', '6', '0', NULL, '2015-08-06 06:58:05', NULL, NULL);
insert into configuration (configuration_id, configuration_title, configuration_key, configuration_value, configuration_description, configuration_group_id, sort_order, last_modified, date_added, use_function, set_function) values ('176', 'Transaction Method', 'MODULE_PAYMENT_PAYPAL_EXPRESS_TRANSACTION_METHOD', 'Sale', 'The processing method to use for each transaction.', '6', '0', NULL, '2015-08-06 06:58:05', NULL, 'tep_cfg_select_option(array(\'Authorization\', \'Sale\'), ');
insert into configuration (configuration_id, configuration_title, configuration_key, configuration_value, configuration_description, configuration_group_id, sort_order, last_modified, date_added, use_function, set_function) values ('177', 'Set Order Status', 'MODULE_PAYMENT_PAYPAL_EXPRESS_ORDER_STATUS_ID', '0', 'Set the status of orders made with this payment module to this value', '6', '0', NULL, '2015-08-06 06:58:05', 'tep_get_order_status_name', 'tep_cfg_pull_down_order_statuses(');
insert into configuration (configuration_id, configuration_title, configuration_key, configuration_value, configuration_description, configuration_group_id, sort_order, last_modified, date_added, use_function, set_function) values ('178', 'PayPal Transactions Order Status Level', 'MODULE_PAYMENT_PAYPAL_EXPRESS_TRANSACTIONS_ORDER_STATUS_ID', '4', 'Include PayPal transaction information in this order status level', '6', '0', NULL, '2015-08-06 06:58:05', 'tep_get_order_status_name', 'tep_cfg_pull_down_order_statuses(');
insert into configuration (configuration_id, configuration_title, configuration_key, configuration_value, configuration_description, configuration_group_id, sort_order, last_modified, date_added, use_function, set_function) values ('179', 'Payment Zone', 'MODULE_PAYMENT_PAYPAL_EXPRESS_ZONE', '0', 'If a zone is selected, only enable this payment method for that zone.', '6', '2', NULL, '2015-08-06 06:58:05', 'tep_get_zone_class_title', 'tep_cfg_pull_down_zone_classes(');
insert into configuration (configuration_id, configuration_title, configuration_key, configuration_value, configuration_description, configuration_group_id, sort_order, last_modified, date_added, use_function, set_function) values ('180', 'Transaction Server', 'MODULE_PAYMENT_PAYPAL_EXPRESS_TRANSACTION_SERVER', 'Live', 'Use the live or testing (sandbox) gateway server to process transactions?', '6', '0', NULL, '2015-08-06 06:58:05', NULL, 'tep_cfg_select_option(array(\'Live\', \'Sandbox\'), ');
insert into configuration (configuration_id, configuration_title, configuration_key, configuration_value, configuration_description, configuration_group_id, sort_order, last_modified, date_added, use_function, set_function) values ('181', 'Verify SSL Certificate', 'MODULE_PAYMENT_PAYPAL_EXPRESS_VERIFY_SSL', 'True', 'Verify gateway server SSL certificate on connection?', '6', '1', NULL, '2015-08-06 06:58:05', NULL, 'tep_cfg_select_option(array(\'True\', \'False\'), ');
insert into configuration (configuration_id, configuration_title, configuration_key, configuration_value, configuration_description, configuration_group_id, sort_order, last_modified, date_added, use_function, set_function) values ('182', 'Proxy Server', 'MODULE_PAYMENT_PAYPAL_EXPRESS_PROXY', '', 'Send API requests through this proxy server. (host:port, eg: 123.45.67.89:8080 or proxy.example.com:8080)', '6', '0', NULL, '2015-08-06 06:58:05', NULL, NULL);
insert into configuration (configuration_id, configuration_title, configuration_key, configuration_value, configuration_description, configuration_group_id, sort_order, last_modified, date_added, use_function, set_function) values ('183', 'Debug E-Mail Address', 'MODULE_PAYMENT_PAYPAL_EXPRESS_DEBUG_EMAIL', '', 'All parameters of an invalid transaction will be sent to this email address.', '6', '0', NULL, '2015-08-06 06:58:05', NULL, NULL);
insert into configuration (configuration_id, configuration_title, configuration_key, configuration_value, configuration_description, configuration_group_id, sort_order, last_modified, date_added, use_function, set_function) values ('184', 'Sort order of display.', 'MODULE_PAYMENT_PAYPAL_EXPRESS_SORT_ORDER', '0', 'Sort order of display. Lowest is displayed first.', '6', '0', NULL, '2015-08-06 06:58:05', NULL, NULL);
insert into configuration (configuration_id, configuration_title, configuration_key, configuration_value, configuration_description, configuration_group_id, sort_order, last_modified, date_added, use_function, set_function) values ('185', 'Installed Modules', 'MODULE_HEADER_TAGS_INSTALLED', 'ht_manufacturer_title.php;ht_category_title.php;ht_product_title.php;ht_canonical.php;ht_robot_noindex.php;ht_datepicker_jquery.php;ht_get_states.php;ht_grid_list_view.php;ht_table_click_jquery.php;ht_product_colorbox.php;ht_noscript.php;ht_pages_seo.php', 'List of header tag module filenames separated by a semi-colon. This is automatically updated. No need to edit.', '6', '0', '2015-08-06 12:50:57', '2015-08-06 06:58:05', NULL, NULL);
insert into configuration (configuration_id, configuration_title, configuration_key, configuration_value, configuration_description, configuration_group_id, sort_order, last_modified, date_added, use_function, set_function) values ('186', 'Enable Category Title Module', 'MODULE_HEADER_TAGS_CATEGORY_TITLE_STATUS', 'True', 'Do you want to allow category titles to be added to the page title?', '6', '1', NULL, '2015-08-06 06:58:05', NULL, 'tep_cfg_select_option(array(\'True\', \'False\'), ');
insert into configuration (configuration_id, configuration_title, configuration_key, configuration_value, configuration_description, configuration_group_id, sort_order, last_modified, date_added, use_function, set_function) values ('187', 'Sort Order', 'MODULE_HEADER_TAGS_CATEGORY_TITLE_SORT_ORDER', '200', 'Sort order of display. Lowest is displayed first.', '6', '0', NULL, '2015-08-06 06:58:05', NULL, NULL);
insert into configuration (configuration_id, configuration_title, configuration_key, configuration_value, configuration_description, configuration_group_id, sort_order, last_modified, date_added, use_function, set_function) values ('188', 'Enable Manufacturer Title Module', 'MODULE_HEADER_TAGS_MANUFACTURER_TITLE_STATUS', 'True', 'Do you want to allow manufacturer titles to be added to the page title?', '6', '1', NULL, '2015-08-06 06:58:05', NULL, 'tep_cfg_select_option(array(\'True\', \'False\'), ');
insert into configuration (configuration_id, configuration_title, configuration_key, configuration_value, configuration_description, configuration_group_id, sort_order, last_modified, date_added, use_function, set_function) values ('189', 'Sort Order', 'MODULE_HEADER_TAGS_MANUFACTURER_TITLE_SORT_ORDER', '100', 'Sort order of display. Lowest is displayed first.', '6', '0', NULL, '2015-08-06 06:58:05', NULL, NULL);
insert into configuration (configuration_id, configuration_title, configuration_key, configuration_value, configuration_description, configuration_group_id, sort_order, last_modified, date_added, use_function, set_function) values ('190', 'Enable Product Title Module', 'MODULE_HEADER_TAGS_PRODUCT_TITLE_STATUS', 'True', 'Do you want to allow product titles to be added to the page title?', '6', '1', NULL, '2015-08-06 06:58:05', NULL, 'tep_cfg_select_option(array(\'True\', \'False\'), ');
insert into configuration (configuration_id, configuration_title, configuration_key, configuration_value, configuration_description, configuration_group_id, sort_order, last_modified, date_added, use_function, set_function) values ('191', 'Sort Order', 'MODULE_HEADER_TAGS_PRODUCT_TITLE_SORT_ORDER', '300', 'Sort order of display. Lowest is displayed first.', '6', '0', NULL, '2015-08-06 06:58:05', NULL, NULL);
insert into configuration (configuration_id, configuration_title, configuration_key, configuration_value, configuration_description, configuration_group_id, sort_order, last_modified, date_added, use_function, set_function) values ('192', 'Enable Canonical Module', 'MODULE_HEADER_TAGS_CANONICAL_STATUS', 'True', 'Do you want to enable the Canonical module?', '6', '1', NULL, '2015-08-06 06:58:05', NULL, 'tep_cfg_select_option(array(\'True\', \'False\'), ');
insert into configuration (configuration_id, configuration_title, configuration_key, configuration_value, configuration_description, configuration_group_id, sort_order, last_modified, date_added, use_function, set_function) values ('193', 'Sort Order', 'MODULE_HEADER_TAGS_CANONICAL_SORT_ORDER', '400', 'Sort order of display. Lowest is displayed first.', '6', '0', NULL, '2015-08-06 06:58:05', NULL, NULL);
insert into configuration (configuration_id, configuration_title, configuration_key, configuration_value, configuration_description, configuration_group_id, sort_order, last_modified, date_added, use_function, set_function) values ('194', 'Enable Robot NoIndex Module', 'MODULE_HEADER_TAGS_ROBOT_NOINDEX_STATUS', 'True', 'Do you want to enable the Robot NoIndex module?', '6', '1', NULL, '2015-08-06 06:58:05', NULL, 'tep_cfg_select_option(array(\'True\', \'False\'), ');
insert into configuration (configuration_id, configuration_title, configuration_key, configuration_value, configuration_description, configuration_group_id, sort_order, last_modified, date_added, use_function, set_function) values ('195', 'Pages', 'MODULE_HEADER_TAGS_ROBOT_NOINDEX_PAGES', 'account.php;account_edit.php;account_history.php;account_history_info.php;account_newsletters.php;account_notifications.php;account_password.php;address_book.php;address_book_process.php;checkout_confirmation.php;checkout_payment.php;checkout_payment_address.php;checkout_process.php;checkout_shipping.php;checkout_shipping_address.php;checkout_success.php;cookie_usage.php;create_account.php;create_account_success.php;login.php;logoff.php;password_forgotten.php;password_reset.php;product_reviews_write.php;shopping_cart.php;ssl_check.php;tell_a_friend.php', 'The pages to add the meta robot noindex tag to.', '6', '0', NULL, '2015-08-06 06:58:05', 'ht_robot_noindex_show_pages', 'ht_robot_noindex_edit_pages(');
insert into configuration (configuration_id, configuration_title, configuration_key, configuration_value, configuration_description, configuration_group_id, sort_order, last_modified, date_added, use_function, set_function) values ('196', 'Sort Order', 'MODULE_HEADER_TAGS_ROBOT_NOINDEX_SORT_ORDER', '500', 'Sort order of display. Lowest is displayed first.', '6', '0', NULL, '2015-08-06 06:58:05', NULL, NULL);
insert into configuration (configuration_id, configuration_title, configuration_key, configuration_value, configuration_description, configuration_group_id, sort_order, last_modified, date_added, use_function, set_function) values ('197', 'Enable No Script Module', 'MODULE_HEADER_TAGS_NOSCRIPT_STATUS', 'True', 'Add message for people with .js turned off?', '6', '1', NULL, '2015-08-06 06:58:05', NULL, 'tep_cfg_select_option(array(\'True\', \'False\'), ');
insert into configuration (configuration_id, configuration_title, configuration_key, configuration_value, configuration_description, configuration_group_id, sort_order, last_modified, date_added, use_function, set_function) values ('198', 'Sort Order', 'MODULE_HEADER_TAGS_NOSCRIPT_SORT_ORDER', '1000', 'Sort order of display. Lowest is displayed first.', '6', '0', NULL, '2015-08-06 06:58:05', NULL, NULL);
insert into configuration (configuration_id, configuration_title, configuration_key, configuration_value, configuration_description, configuration_group_id, sort_order, last_modified, date_added, use_function, set_function) values ('199', 'Enable Datepicker jQuery Module', 'MODULE_HEADER_TAGS_DATEPICKER_JQUERY_STATUS', 'True', 'Do you want to enable the Datepicker module?', '6', '1', NULL, '2015-08-06 06:58:05', NULL, 'tep_cfg_select_option(array(\'True\', \'False\'), ');
insert into configuration (configuration_id, configuration_title, configuration_key, configuration_value, configuration_description, configuration_group_id, sort_order, last_modified, date_added, use_function, set_function) values ('200', 'Pages', 'MODULE_HEADER_TAGS_DATEPICKER_JQUERY_PAGES', 'advanced_search.php;account_edit.php;create_account.php', 'The pages to add the Datepicker jQuery Scripts to.', '6', '0', NULL, '2015-08-06 06:58:05', 'ht_datepicker_jquery_show_pages', 'ht_datepicker_jquery_edit_pages(');
insert into configuration (configuration_id, configuration_title, configuration_key, configuration_value, configuration_description, configuration_group_id, sort_order, last_modified, date_added, use_function, set_function) values ('201', 'Sort Order', 'MODULE_HEADER_TAGS_DATEPICKER_JQUERY_SORT_ORDER', '600', 'Sort order of display. Lowest is displayed first.', '6', '0', NULL, '2015-08-06 06:58:05', NULL, NULL);
insert into configuration (configuration_id, configuration_title, configuration_key, configuration_value, configuration_description, configuration_group_id, sort_order, last_modified, date_added, use_function, set_function) values ('202', 'Enable Grid List javascript', 'MODULE_HEADER_TAGS_GRID_LIST_VIEW_STATUS', 'True', 'Do you want to enable the Grid/List Javascript module?', '6', '1', NULL, '2015-08-06 06:58:05', NULL, 'tep_cfg_select_option(array(\'True\', \'False\'), ');
insert into configuration (configuration_id, configuration_title, configuration_key, configuration_value, configuration_description, configuration_group_id, sort_order, last_modified, date_added, use_function, set_function) values ('203', 'Pages', 'MODULE_HEADER_TAGS_GRID_LIST_VIEW_PAGES', 'advanced_search_result.php;index.php;products_new.php;specials.php', 'The pages to add the Grid List JS Scripts to.', '6', '0', NULL, '2015-08-06 06:58:05', 'ht_grid_list_view_show_pages', 'ht_grid_list_view_edit_pages(');
insert into configuration (configuration_id, configuration_title, configuration_key, configuration_value, configuration_description, configuration_group_id, sort_order, last_modified, date_added, use_function, set_function) values ('204', 'Sort Order', 'MODULE_HEADER_TAGS_GRID_LIST_VIEW_SORT_ORDER', '700', 'Sort order of display. Lowest is displayed first.', '6', '0', NULL, '2015-08-06 06:58:05', NULL, NULL);
insert into configuration (configuration_id, configuration_title, configuration_key, configuration_value, configuration_description, configuration_group_id, sort_order, last_modified, date_added, use_function, set_function) values ('205', 'Enable Clickable Table Rows Module', 'MODULE_HEADER_TAGS_TABLE_CLICK_JQUERY_STATUS', 'True', 'Do you want to enable the Clickable Table Rows module?', '6', '1', NULL, '2015-08-06 06:58:05', NULL, 'tep_cfg_select_option(array(\'True\', \'False\'), ');
insert into configuration (configuration_id, configuration_title, configuration_key, configuration_value, configuration_description, configuration_group_id, sort_order, last_modified, date_added, use_function, set_function) values ('206', 'Pages', 'MODULE_HEADER_TAGS_TABLE_CLICK_JQUERY_PAGES', 'checkout_payment.php;checkout_shipping.php', 'The pages to add the jQuery Scripts to.', '6', '0', NULL, '2015-08-06 06:58:05', 'ht_table_click_jquery_show_pages', 'ht_table_click_jquery_edit_pages(');
insert into configuration (configuration_id, configuration_title, configuration_key, configuration_value, configuration_description, configuration_group_id, sort_order, last_modified, date_added, use_function, set_function) values ('207', 'Sort Order', 'MODULE_HEADER_TAGS_TABLE_CLICK_JQUERY_SORT_ORDER', '800', 'Sort order of display. Lowest is displayed first.', '6', '0', NULL, '2015-08-06 06:58:05', NULL, NULL);
insert into configuration (configuration_id, configuration_title, configuration_key, configuration_value, configuration_description, configuration_group_id, sort_order, last_modified, date_added, use_function, set_function) values ('208', 'Enable Colorbox Script', 'MODULE_HEADER_TAGS_PRODUCT_COLORBOX_STATUS', 'True', 'Do you want to enable the Colorbox Scripts?', '6', '1', NULL, '2015-08-06 06:58:05', NULL, 'tep_cfg_select_option(array(\'True\', \'False\'), ');
insert into configuration (configuration_id, configuration_title, configuration_key, configuration_value, configuration_description, configuration_group_id, sort_order, last_modified, date_added, use_function, set_function) values ('209', 'Pages', 'MODULE_HEADER_TAGS_PRODUCT_COLORBOX_PAGES', 'product_info.php', 'The pages to add the Colorbox Scripts to.', '6', '0', NULL, '2015-08-06 06:58:05', 'ht_product_colorbox_show_pages', 'ht_product_colorbox_edit_pages(');
insert into configuration (configuration_id, configuration_title, configuration_key, configuration_value, configuration_description, configuration_group_id, sort_order, last_modified, date_added, use_function, set_function) values ('210', 'Sort Order', 'MODULE_HEADER_TAGS_PRODUCT_COLORBOX_SORT_ORDER', '900', 'Sort order of display. Lowest is displayed first.', '6', '0', NULL, '2015-08-06 06:58:05', NULL, NULL);
insert into configuration (configuration_id, configuration_title, configuration_key, configuration_value, configuration_description, configuration_group_id, sort_order, last_modified, date_added, use_function, set_function) values ('211', 'Installed Modules', 'MODULE_ADMIN_DASHBOARD_INSTALLED', 'd_total_revenue.php;d_total_customers.php;d_orders.php;d_customers.php;d_admin_logins.php;d_security_checks.php;d_latest_news.php;d_latest_addons.php;d_partner_news.php;d_version_check.php;d_reviews.php', 'List of Administration Tool Dashboard module filenames separated by a semi-colon. This is automatically updated. No need to edit.', '6', '0', NULL, '2015-08-06 06:58:05', NULL, NULL);
insert into configuration (configuration_id, configuration_title, configuration_key, configuration_value, configuration_description, configuration_group_id, sort_order, last_modified, date_added, use_function, set_function) values ('212', 'Enable Administrator Logins Module', 'MODULE_ADMIN_DASHBOARD_ADMIN_LOGINS_STATUS', 'True', 'Do you want to show the latest administrator logins on the dashboard?', '6', '1', NULL, '2015-08-06 06:58:05', NULL, 'tep_cfg_select_option(array(\'True\', \'False\'), ');
insert into configuration (configuration_id, configuration_title, configuration_key, configuration_value, configuration_description, configuration_group_id, sort_order, last_modified, date_added, use_function, set_function) values ('213', 'Sort Order', 'MODULE_ADMIN_DASHBOARD_ADMIN_LOGINS_SORT_ORDER', '500', 'Sort order of display. Lowest is displayed first.', '6', '0', NULL, '2015-08-06 06:58:05', NULL, NULL);
insert into configuration (configuration_id, configuration_title, configuration_key, configuration_value, configuration_description, configuration_group_id, sort_order, last_modified, date_added, use_function, set_function) values ('214', 'Enable Customers Module', 'MODULE_ADMIN_DASHBOARD_CUSTOMERS_STATUS', 'True', 'Do you want to show the newest customers on the dashboard?', '6', '1', NULL, '2015-08-06 06:58:05', NULL, 'tep_cfg_select_option(array(\'True\', \'False\'), ');
insert into configuration (configuration_id, configuration_title, configuration_key, configuration_value, configuration_description, configuration_group_id, sort_order, last_modified, date_added, use_function, set_function) values ('215', 'Sort Order', 'MODULE_ADMIN_DASHBOARD_CUSTOMERS_SORT_ORDER', '400', 'Sort order of display. Lowest is displayed first.', '6', '0', NULL, '2015-08-06 06:58:05', NULL, NULL);
insert into configuration (configuration_id, configuration_title, configuration_key, configuration_value, configuration_description, configuration_group_id, sort_order, last_modified, date_added, use_function, set_function) values ('216', 'Enable Latest Add-Ons Module', 'MODULE_ADMIN_DASHBOARD_LATEST_ADDONS_STATUS', 'True', 'Do you want to show the latest osCommerce Add-Ons on the dashboard?', '6', '1', NULL, '2015-08-06 06:58:05', NULL, 'tep_cfg_select_option(array(\'True\', \'False\'), ');
insert into configuration (configuration_id, configuration_title, configuration_key, configuration_value, configuration_description, configuration_group_id, sort_order, last_modified, date_added, use_function, set_function) values ('217', 'Sort Order', 'MODULE_ADMIN_DASHBOARD_LATEST_ADDONS_SORT_ORDER', '800', 'Sort order of display. Lowest is displayed first.', '6', '0', NULL, '2015-08-06 06:58:05', NULL, NULL);
insert into configuration (configuration_id, configuration_title, configuration_key, configuration_value, configuration_description, configuration_group_id, sort_order, last_modified, date_added, use_function, set_function) values ('218', 'Enable Latest News Module', 'MODULE_ADMIN_DASHBOARD_LATEST_NEWS_STATUS', 'True', 'Do you want to show the latest osCommerce News on the dashboard?', '6', '1', NULL, '2015-08-06 06:58:05', NULL, 'tep_cfg_select_option(array(\'True\', \'False\'), ');
insert into configuration (configuration_id, configuration_title, configuration_key, configuration_value, configuration_description, configuration_group_id, sort_order, last_modified, date_added, use_function, set_function) values ('219', 'Sort Order', 'MODULE_ADMIN_DASHBOARD_LATEST_NEWS_SORT_ORDER', '700', 'Sort order of display. Lowest is displayed first.', '6', '0', NULL, '2015-08-06 06:58:05', NULL, NULL);
insert into configuration (configuration_id, configuration_title, configuration_key, configuration_value, configuration_description, configuration_group_id, sort_order, last_modified, date_added, use_function, set_function) values ('220', 'Enable Orders Module', 'MODULE_ADMIN_DASHBOARD_ORDERS_STATUS', 'True', 'Do you want to show the latest orders on the dashboard?', '6', '1', NULL, '2015-08-06 06:58:05', NULL, 'tep_cfg_select_option(array(\'True\', \'False\'), ');
insert into configuration (configuration_id, configuration_title, configuration_key, configuration_value, configuration_description, configuration_group_id, sort_order, last_modified, date_added, use_function, set_function) values ('221', 'Sort Order', 'MODULE_ADMIN_DASHBOARD_ORDERS_SORT_ORDER', '300', 'Sort order of display. Lowest is displayed first.', '6', '0', NULL, '2015-08-06 06:58:05', NULL, NULL);
insert into configuration (configuration_id, configuration_title, configuration_key, configuration_value, configuration_description, configuration_group_id, sort_order, last_modified, date_added, use_function, set_function) values ('222', 'Enable Security Checks Module', 'MODULE_ADMIN_DASHBOARD_SECURITY_CHECKS_STATUS', 'True', 'Do you want to run the security checks for this installation?', '6', '1', NULL, '2015-08-06 06:58:05', NULL, 'tep_cfg_select_option(array(\'True\', \'False\'), ');
insert into configuration (configuration_id, configuration_title, configuration_key, configuration_value, configuration_description, configuration_group_id, sort_order, last_modified, date_added, use_function, set_function) values ('223', 'Sort Order', 'MODULE_ADMIN_DASHBOARD_SECURITY_CHECKS_SORT_ORDER', '600', 'Sort order of display. Lowest is displayed first.', '6', '0', NULL, '2015-08-06 06:58:05', NULL, NULL);
insert into configuration (configuration_id, configuration_title, configuration_key, configuration_value, configuration_description, configuration_group_id, sort_order, last_modified, date_added, use_function, set_function) values ('224', 'Enable Total Customers Module', 'MODULE_ADMIN_DASHBOARD_TOTAL_CUSTOMERS_STATUS', 'True', 'Do you want to show the total customers chart on the dashboard?', '6', '1', NULL, '2015-08-06 06:58:05', NULL, 'tep_cfg_select_option(array(\'True\', \'False\'), ');
insert into configuration (configuration_id, configuration_title, configuration_key, configuration_value, configuration_description, configuration_group_id, sort_order, last_modified, date_added, use_function, set_function) values ('225', 'Sort Order', 'MODULE_ADMIN_DASHBOARD_TOTAL_CUSTOMERS_SORT_ORDER', '200', 'Sort order of display. Lowest is displayed first.', '6', '0', NULL, '2015-08-06 06:58:05', NULL, NULL);
insert into configuration (configuration_id, configuration_title, configuration_key, configuration_value, configuration_description, configuration_group_id, sort_order, last_modified, date_added, use_function, set_function) values ('226', 'Enable Total Revenue Module', 'MODULE_ADMIN_DASHBOARD_TOTAL_REVENUE_STATUS', 'True', 'Do you want to show the total revenue chart on the dashboard?', '6', '1', NULL, '2015-08-06 06:58:05', NULL, 'tep_cfg_select_option(array(\'True\', \'False\'), ');
insert into configuration (configuration_id, configuration_title, configuration_key, configuration_value, configuration_description, configuration_group_id, sort_order, last_modified, date_added, use_function, set_function) values ('227', 'Sort Order', 'MODULE_ADMIN_DASHBOARD_TOTAL_REVENUE_SORT_ORDER', '100', 'Sort order of display. Lowest is displayed first.', '6', '0', NULL, '2015-08-06 06:58:05', NULL, NULL);
insert into configuration (configuration_id, configuration_title, configuration_key, configuration_value, configuration_description, configuration_group_id, sort_order, last_modified, date_added, use_function, set_function) values ('228', 'Enable Version Check Module', 'MODULE_ADMIN_DASHBOARD_VERSION_CHECK_STATUS', 'True', 'Do you want to show the version check results on the dashboard?', '6', '1', NULL, '2015-08-06 06:58:05', NULL, 'tep_cfg_select_option(array(\'True\', \'False\'), ');
insert into configuration (configuration_id, configuration_title, configuration_key, configuration_value, configuration_description, configuration_group_id, sort_order, last_modified, date_added, use_function, set_function) values ('229', 'Sort Order', 'MODULE_ADMIN_DASHBOARD_VERSION_CHECK_SORT_ORDER', '900', 'Sort order of display. Lowest is displayed first.', '6', '0', NULL, '2015-08-06 06:58:05', NULL, NULL);
insert into configuration (configuration_id, configuration_title, configuration_key, configuration_value, configuration_description, configuration_group_id, sort_order, last_modified, date_added, use_function, set_function) values ('230', 'Enable Latest Reviews Module', 'MODULE_ADMIN_DASHBOARD_REVIEWS_STATUS', 'True', 'Do you want to show the latest reviews on the dashboard?', '6', '1', NULL, '2015-08-06 06:58:05', NULL, 'tep_cfg_select_option(array(\'True\', \'False\'), ');
insert into configuration (configuration_id, configuration_title, configuration_key, configuration_value, configuration_description, configuration_group_id, sort_order, last_modified, date_added, use_function, set_function) values ('231', 'Sort Order', 'MODULE_ADMIN_DASHBOARD_REVIEWS_SORT_ORDER', '1000', 'Sort order of display. Lowest is displayed first.', '6', '0', NULL, '2015-08-06 06:58:05', NULL, NULL);
insert into configuration (configuration_id, configuration_title, configuration_key, configuration_value, configuration_description, configuration_group_id, sort_order, last_modified, date_added, use_function, set_function) values ('232', 'Enable Partner News Module', 'MODULE_ADMIN_DASHBOARD_PARTNER_NEWS_STATUS', 'True', 'Do you want to show the latest osCommerce Partner News on the dashboard?', '6', '1', NULL, '2015-08-06 06:58:05', NULL, 'tep_cfg_select_option(array(\'True\', \'False\'), ');
insert into configuration (configuration_id, configuration_title, configuration_key, configuration_value, configuration_description, configuration_group_id, sort_order, last_modified, date_added, use_function, set_function) values ('233', 'Sort Order', 'MODULE_ADMIN_DASHBOARD_PARTNER_NEWS_SORT_ORDER', '820', 'Sort order of display. Lowest is displayed first.', '6', '0', NULL, '2015-08-06 06:58:05', NULL, NULL);
insert into configuration (configuration_id, configuration_title, configuration_key, configuration_value, configuration_description, configuration_group_id, sort_order, last_modified, date_added, use_function, set_function) values ('234', 'Installed Modules', 'MODULE_BOXES_INSTALLED', 'bm_categories.php;bm_manufacturers.php;bm_whats_new.php;bm_card_acceptance.php;bm_order_history.php;bm_best_sellers.php;bm_currencies.php;bm_information.php;bm_reviews.php;bm_search.php;bm_shopping_cart.php;bm_specials.php', 'List of box module filenames separated by a semi-colon. This is automatically updated. No need to edit.', '6', '0', '2015-08-06 07:48:11', '2015-08-06 06:58:05', NULL, NULL);
insert into configuration (configuration_id, configuration_title, configuration_key, configuration_value, configuration_description, configuration_group_id, sort_order, last_modified, date_added, use_function, set_function) values ('235', 'Enable Best Sellers Module', 'MODULE_BOXES_BEST_SELLERS_STATUS', 'True', 'Do you want to add the module to your shop?', '6', '1', NULL, '2015-08-06 06:58:05', NULL, 'tep_cfg_select_option(array(\'True\', \'False\'), ');
insert into configuration (configuration_id, configuration_title, configuration_key, configuration_value, configuration_description, configuration_group_id, sort_order, last_modified, date_added, use_function, set_function) values ('236', 'Content Placement', 'MODULE_BOXES_BEST_SELLERS_CONTENT_PLACEMENT', 'Right Column', 'Should the module be loaded in the left or right column or directly in the footer?', '6', '1', NULL, '2015-08-06 06:58:05', NULL, 'tep_cfg_select_option(array(\'Left Column\', \'Right Column\', \'Footer\'), ');
insert into configuration (configuration_id, configuration_title, configuration_key, configuration_value, configuration_description, configuration_group_id, sort_order, last_modified, date_added, use_function, set_function) values ('237', 'Sort Order', 'MODULE_BOXES_BEST_SELLERS_SORT_ORDER', '5030', 'Sort order of display. Lowest is displayed first.', '6', '0', NULL, '2015-08-06 06:58:05', NULL, NULL);
insert into configuration (configuration_id, configuration_title, configuration_key, configuration_value, configuration_description, configuration_group_id, sort_order, last_modified, date_added, use_function, set_function) values ('238', 'Enable Categories Module', 'MODULE_BOXES_CATEGORIES_STATUS', 'True', 'Do you want to add the module to your shop?', '6', '1', NULL, '2015-08-06 06:58:05', NULL, 'tep_cfg_select_option(array(\'True\', \'False\'), ');
insert into configuration (configuration_id, configuration_title, configuration_key, configuration_value, configuration_description, configuration_group_id, sort_order, last_modified, date_added, use_function, set_function) values ('239', 'Content Placement', 'MODULE_BOXES_CATEGORIES_CONTENT_PLACEMENT', 'Left Column', 'Should the module be loaded in the left or right column?', '6', '1', NULL, '2015-08-06 06:58:05', NULL, 'tep_cfg_select_option(array(\'Left Column\', \'Right Column\'), ');
insert into configuration (configuration_id, configuration_title, configuration_key, configuration_value, configuration_description, configuration_group_id, sort_order, last_modified, date_added, use_function, set_function) values ('240', 'Sort Order', 'MODULE_BOXES_CATEGORIES_SORT_ORDER', '1000', 'Sort order of display. Lowest is displayed first.', '6', '0', NULL, '2015-08-06 06:58:05', NULL, NULL);
insert into configuration (configuration_id, configuration_title, configuration_key, configuration_value, configuration_description, configuration_group_id, sort_order, last_modified, date_added, use_function, set_function) values ('241', 'Enable Manufacturers Module', 'MODULE_BOXES_MANUFACTURERS_STATUS', 'True', 'Do you want to add the module to your shop?', '6', '1', NULL, '2015-08-06 06:58:05', NULL, 'tep_cfg_select_option(array(\'True\', \'False\'), ');
insert into configuration (configuration_id, configuration_title, configuration_key, configuration_value, configuration_description, configuration_group_id, sort_order, last_modified, date_added, use_function, set_function) values ('242', 'Content Placement', 'MODULE_BOXES_MANUFACTURERS_CONTENT_PLACEMENT', 'Left Column', 'Should the module be loaded in the left or right column?', '6', '1', NULL, '2015-08-06 06:58:05', NULL, 'tep_cfg_select_option(array(\'Left Column\', \'Right Column\'), ');
insert into configuration (configuration_id, configuration_title, configuration_key, configuration_value, configuration_description, configuration_group_id, sort_order, last_modified, date_added, use_function, set_function) values ('243', 'Sort Order', 'MODULE_BOXES_MANUFACTURERS_SORT_ORDER', '1020', 'Sort order of display. Lowest is displayed first.', '6', '0', NULL, '2015-08-06 06:58:05', NULL, NULL);
insert into configuration (configuration_id, configuration_title, configuration_key, configuration_value, configuration_description, configuration_group_id, sort_order, last_modified, date_added, use_function, set_function) values ('244', 'Enable Order History Module', 'MODULE_BOXES_ORDER_HISTORY_STATUS', 'True', 'Do you want to add the module to your shop?', '6', '1', NULL, '2015-08-06 06:58:05', NULL, 'tep_cfg_select_option(array(\'True\', \'False\'), ');
insert into configuration (configuration_id, configuration_title, configuration_key, configuration_value, configuration_description, configuration_group_id, sort_order, last_modified, date_added, use_function, set_function) values ('245', 'Content Placement', 'MODULE_BOXES_ORDER_HISTORY_CONTENT_PLACEMENT', 'Right Column', 'Should the module be loaded in the left or right column or directly in the footer?', '6', '1', NULL, '2015-08-06 06:58:05', NULL, 'tep_cfg_select_option(array(\'Left Column\', \'Right Column\', \'Footer\'), ');
insert into configuration (configuration_id, configuration_title, configuration_key, configuration_value, configuration_description, configuration_group_id, sort_order, last_modified, date_added, use_function, set_function) values ('246', 'Sort Order', 'MODULE_BOXES_ORDER_HISTORY_SORT_ORDER', '5020', 'Sort order of display. Lowest is displayed first.', '6', '0', NULL, '2015-08-06 06:58:05', NULL, NULL);
insert into configuration (configuration_id, configuration_title, configuration_key, configuration_value, configuration_description, configuration_group_id, sort_order, last_modified, date_added, use_function, set_function) values ('247', 'Enable Card Acceptance Module', 'MODULE_BOXES_CARD_ACCEPTANCE_STATUS', 'True', 'Do you want to add the module to your shop?', '6', '1', NULL, '2015-08-06 06:58:05', NULL, 'tep_cfg_select_option(array(\'True\', \'False\'), ');
insert into configuration (configuration_id, configuration_title, configuration_key, configuration_value, configuration_description, configuration_group_id, sort_order, last_modified, date_added, use_function, set_function) values ('248', 'Logos', 'MODULE_BOXES_CARD_ACCEPTANCE_LOGOS', 'paypal_horizontal_large.png;visa.png;mastercard_transparent.png;american_express.png;maestro_transparent.png', 'The card acceptance logos to show.', '6', '0', NULL, '2015-08-06 06:58:05', 'bm_card_acceptance_show_logos', 'bm_card_acceptance_edit_logos(');
insert into configuration (configuration_id, configuration_title, configuration_key, configuration_value, configuration_description, configuration_group_id, sort_order, last_modified, date_added, use_function, set_function) values ('249', 'Content Placement', 'MODULE_BOXES_CARD_ACCEPTANCE_CONTENT_PLACEMENT', 'Left Column', 'Should the module be loaded in the left or right column?', '6', '1', NULL, '2015-08-06 06:58:05', NULL, 'tep_cfg_select_option(array(\'Left Column\', \'Right Column\'), ');
insert into configuration (configuration_id, configuration_title, configuration_key, configuration_value, configuration_description, configuration_group_id, sort_order, last_modified, date_added, use_function, set_function) values ('250', 'Sort Order', 'MODULE_BOXES_CARD_ACCEPTANCE_SORT_ORDER', '1060', 'Sort order of display. Lowest is displayed first.', '6', '0', NULL, '2015-08-06 06:58:05', NULL, NULL);
insert into configuration (configuration_id, configuration_title, configuration_key, configuration_value, configuration_description, configuration_group_id, sort_order, last_modified, date_added, use_function, set_function) values ('251', 'Enable What\'s New Module', 'MODULE_BOXES_WHATS_NEW_STATUS', 'True', 'Do you want to add the module to your shop?', '6', '1', NULL, '2015-08-06 06:58:05', NULL, 'tep_cfg_select_option(array(\'True\', \'False\'), ');
insert into configuration (configuration_id, configuration_title, configuration_key, configuration_value, configuration_description, configuration_group_id, sort_order, last_modified, date_added, use_function, set_function) values ('252', 'Content Placement', 'MODULE_BOXES_WHATS_NEW_CONTENT_PLACEMENT', 'Left Column', 'Should the module be loaded in the left or right column or directly in the footer?', '6', '1', NULL, '2015-08-06 06:58:05', NULL, 'tep_cfg_select_option(array(\'Left Column\', \'Right Column\', \'Footer\'), ');
insert into configuration (configuration_id, configuration_title, configuration_key, configuration_value, configuration_description, configuration_group_id, sort_order, last_modified, date_added, use_function, set_function) values ('253', 'Sort Order', 'MODULE_BOXES_WHATS_NEW_SORT_ORDER', '1040', 'Sort order of display. Lowest is displayed first.', '6', '0', NULL, '2015-08-06 06:58:05', NULL, NULL);
insert into configuration (configuration_id, configuration_title, configuration_key, configuration_value, configuration_description, configuration_group_id, sort_order, last_modified, date_added, use_function, set_function) values ('254', 'Installed Template Block Groups', 'TEMPLATE_BLOCK_GROUPS', 'boxes;header_tags', 'This is automatically updated. No need to edit.', '6', '0', NULL, '2015-08-06 06:58:05', NULL, NULL);
insert into configuration (configuration_id, configuration_title, configuration_key, configuration_value, configuration_description, configuration_group_id, sort_order, last_modified, date_added, use_function, set_function) values ('255', 'Installed Modules', 'MODULE_CONTENT_INSTALLED', 'account/cm_account_set_password;checkout_success/cm_cs_redirect_old_order;checkout_success/cm_cs_thank_you;checkout_success/cm_cs_product_notifications;checkout_success/cm_cs_downloads;footer/cm_footer_account;footer/cm_footer_contact_us;footer/cm_footer_information_links;footer/cm_footer_text;footer_suffix/cm_footer_extra_copyright;footer_suffix/cm_footer_extra_icons;header/cm_header_logo;header/cm_header_search;header/cm_header_breadcrumb;login/cm_pwa_login;login/cm_login_form;login/cm_create_account_link;navigation/cm_navbar;product_info/cm_pi_reviews;product_info/cm_pi_related_products', 'This is automatically updated. No need to edit.', '6', '0', NULL, '2015-08-06 06:58:05', NULL, NULL);
insert into configuration (configuration_id, configuration_title, configuration_key, configuration_value, configuration_description, configuration_group_id, sort_order, last_modified, date_added, use_function, set_function) values ('256', 'Enable Set Account Password', 'MODULE_CONTENT_ACCOUNT_SET_PASSWORD_STATUS', 'True', 'Do you want to enable the Set Account Password module?', '6', '1', NULL, '2015-08-06 06:58:05', NULL, 'tep_cfg_select_option(array(\'True\', \'False\'), ');
insert into configuration (configuration_id, configuration_title, configuration_key, configuration_value, configuration_description, configuration_group_id, sort_order, last_modified, date_added, use_function, set_function) values ('257', 'Allow Local Passwords', 'MODULE_CONTENT_ACCOUNT_SET_PASSWORD_ALLOW_PASSWORD', 'True', 'Allow local account passwords to be set.', '6', '1', NULL, '2015-08-06 06:58:05', NULL, 'tep_cfg_select_option(array(\'True\', \'False\'), ');
insert into configuration (configuration_id, configuration_title, configuration_key, configuration_value, configuration_description, configuration_group_id, sort_order, last_modified, date_added, use_function, set_function) values ('258', 'Sort Order', 'MODULE_CONTENT_ACCOUNT_SET_PASSWORD_SORT_ORDER', '100', 'Sort order of display. Lowest is displayed first.', '6', '0', NULL, '2015-08-06 06:58:05', NULL, NULL);
insert into configuration (configuration_id, configuration_title, configuration_key, configuration_value, configuration_description, configuration_group_id, sort_order, last_modified, date_added, use_function, set_function) values ('259', 'Enable Redirect Old Order Module', 'MODULE_CONTENT_CHECKOUT_SUCCESS_REDIRECT_OLD_ORDER_STATUS', 'True', 'Should customers be redirected when viewing old checkout success orders?', '6', '1', NULL, '2015-08-06 06:58:05', NULL, 'tep_cfg_select_option(array(\'True\', \'False\'), ');
insert into configuration (configuration_id, configuration_title, configuration_key, configuration_value, configuration_description, configuration_group_id, sort_order, last_modified, date_added, use_function, set_function) values ('260', 'Redirect Minutes', 'MODULE_CONTENT_CHECKOUT_SUCCESS_REDIRECT_OLD_ORDER_MINUTES', '60', 'Redirect customers to the My Account page after an order older than this amount is viewed.', '6', '0', NULL, '2015-08-06 06:58:05', NULL, NULL);
insert into configuration (configuration_id, configuration_title, configuration_key, configuration_value, configuration_description, configuration_group_id, sort_order, last_modified, date_added, use_function, set_function) values ('261', 'Sort Order', 'MODULE_CONTENT_CHECKOUT_SUCCESS_REDIRECT_OLD_ORDER_SORT_ORDER', '500', 'Sort order of display. Lowest is displayed first.', '6', '0', NULL, '2015-08-06 06:58:05', NULL, NULL);
insert into configuration (configuration_id, configuration_title, configuration_key, configuration_value, configuration_description, configuration_group_id, sort_order, last_modified, date_added, use_function, set_function) values ('262', 'Enable Thank You Module', 'MODULE_CONTENT_CHECKOUT_SUCCESS_THANK_YOU_STATUS', 'True', 'Should the thank you block be shown on the checkout success page?', '6', '1', NULL, '2015-08-06 06:58:05', NULL, 'tep_cfg_select_option(array(\'True\', \'False\'), ');
insert into configuration (configuration_id, configuration_title, configuration_key, configuration_value, configuration_description, configuration_group_id, sort_order, last_modified, date_added, use_function, set_function) values ('263', 'Sort Order', 'MODULE_CONTENT_CHECKOUT_SUCCESS_THANK_YOU_SORT_ORDER', '1000', 'Sort order of display. Lowest is displayed first.', '6', '0', NULL, '2015-08-06 06:58:05', NULL, NULL);
insert into configuration (configuration_id, configuration_title, configuration_key, configuration_value, configuration_description, configuration_group_id, sort_order, last_modified, date_added, use_function, set_function) values ('264', 'Enable Product Notifications Module', 'MODULE_CONTENT_CHECKOUT_SUCCESS_PRODUCT_NOTIFICATIONS_STATUS', 'True', 'Should the product notifications block be shown on the checkout success page?', '6', '1', NULL, '2015-08-06 06:58:05', NULL, 'tep_cfg_select_option(array(\'True\', \'False\'), ');
insert into configuration (configuration_id, configuration_title, configuration_key, configuration_value, configuration_description, configuration_group_id, sort_order, last_modified, date_added, use_function, set_function) values ('265', 'Sort Order', 'MODULE_CONTENT_CHECKOUT_SUCCESS_PRODUCT_NOTIFICATIONS_SORT_ORDER', '2000', 'Sort order of display. Lowest is displayed first.', '6', '3', NULL, '2015-08-06 06:58:05', NULL, NULL);
insert into configuration (configuration_id, configuration_title, configuration_key, configuration_value, configuration_description, configuration_group_id, sort_order, last_modified, date_added, use_function, set_function) values ('266', 'Enable Product Downloads Module', 'MODULE_CONTENT_CHECKOUT_SUCCESS_DOWNLOADS_STATUS', 'True', 'Should ordered product download links be shown on the checkout success page?', '6', '1', NULL, '2015-08-06 06:58:05', NULL, 'tep_cfg_select_option(array(\'True\', \'False\'), ');
insert into configuration (configuration_id, configuration_title, configuration_key, configuration_value, configuration_description, configuration_group_id, sort_order, last_modified, date_added, use_function, set_function) values ('267', 'Sort Order', 'MODULE_CONTENT_CHECKOUT_SUCCESS_DOWNLOADS_SORT_ORDER', '3000', 'Sort order of display. Lowest is displayed first.', '6', '3', NULL, '2015-08-06 06:58:05', NULL, NULL);
insert into configuration (configuration_id, configuration_title, configuration_key, configuration_value, configuration_description, configuration_group_id, sort_order, last_modified, date_added, use_function, set_function) values ('268', 'Enable Login Form Module', 'MODULE_CONTENT_LOGIN_FORM_STATUS', 'True', 'Do you want to enable the login form module?', '6', '1', NULL, '2015-08-06 06:58:05', NULL, 'tep_cfg_select_option(array(\'True\', \'False\'), ');
insert into configuration (configuration_id, configuration_title, configuration_key, configuration_value, configuration_description, configuration_group_id, sort_order, last_modified, date_added, use_function, set_function) values ('269', 'Content Width', 'MODULE_CONTENT_LOGIN_FORM_CONTENT_WIDTH', 'Half', 'Should the content be shown in a full or half width container?', '6', '1', NULL, '2015-08-06 06:58:05', NULL, 'tep_cfg_select_option(array(\'Full\', \'Half\'), ');
insert into configuration (configuration_id, configuration_title, configuration_key, configuration_value, configuration_description, configuration_group_id, sort_order, last_modified, date_added, use_function, set_function) values ('270', 'Sort Order', 'MODULE_CONTENT_LOGIN_FORM_SORT_ORDER', '1000', 'Sort order of display. Lowest is displayed first.', '6', '0', NULL, '2015-08-06 06:58:05', NULL, NULL);
insert into configuration (configuration_id, configuration_title, configuration_key, configuration_value, configuration_description, configuration_group_id, sort_order, last_modified, date_added, use_function, set_function) values ('271', 'Enable New User Module', 'MODULE_CONTENT_CREATE_ACCOUNT_LINK_STATUS', 'False', 'Do you want to enable the new user module?', '6', '1', NULL, '2015-08-06 06:58:05', NULL, 'tep_cfg_select_option(array(\'True\', \'False\'), ');
insert into configuration (configuration_id, configuration_title, configuration_key, configuration_value, configuration_description, configuration_group_id, sort_order, last_modified, date_added, use_function, set_function) values ('272', 'Content Width', 'MODULE_CONTENT_CREATE_ACCOUNT_LINK_CONTENT_WIDTH', 'Half', 'Should the content be shown in a full or half width container?', '6', '1', NULL, '2015-08-06 06:58:05', NULL, 'tep_cfg_select_option(array(\'Full\', \'Half\'), ');
insert into configuration (configuration_id, configuration_title, configuration_key, configuration_value, configuration_description, configuration_group_id, sort_order, last_modified, date_added, use_function, set_function) values ('273', 'Sort Order', 'MODULE_CONTENT_CREATE_ACCOUNT_LINK_SORT_ORDER', '2000', 'Sort order of display. Lowest is displayed first.', '6', '0', NULL, '2015-08-06 06:58:05', NULL, NULL);
insert into configuration (configuration_id, configuration_title, configuration_key, configuration_value, configuration_description, configuration_group_id, sort_order, last_modified, date_added, use_function, set_function) values ('274', 'Enable Pages SEO Module', 'MODULE_HEADER_TAGS_PAGES_SEO_STATUS', 'True', 'Do you want to allow this module to write SEO to your Pages?', '6', '1', NULL, '2015-08-06 07:27:04', NULL, 'tep_cfg_select_option(array(\'True\', \'False\'), ');
insert into configuration (configuration_id, configuration_title, configuration_key, configuration_value, configuration_description, configuration_group_id, sort_order, last_modified, date_added, use_function, set_function) values ('275', 'Sort Order', 'MODULE_HEADER_TAGS_PAGES_SEO_SORT_ORDER', '0', 'Sort order of display. Lowest is displayed first.', '6', '0', NULL, '2015-08-06 07:27:04', NULL, NULL);
insert into configuration (configuration_id, configuration_title, configuration_key, configuration_value, configuration_description, configuration_group_id, sort_order, last_modified, date_added, use_function, set_function) values ('276', 'Enable Shopping Cart Module', 'MODULE_BOXES_SHOPPING_CART_STATUS', 'True', 'Do you want to add the module to your shop?', '6', '1', NULL, '2015-08-06 07:27:47', NULL, 'tep_cfg_select_option(array(\'True\', \'False\'), ');
insert into configuration (configuration_id, configuration_title, configuration_key, configuration_value, configuration_description, configuration_group_id, sort_order, last_modified, date_added, use_function, set_function) values ('277', 'Content Placement', 'MODULE_BOXES_SHOPPING_CART_CONTENT_PLACEMENT', 'Right Column', 'Should the module be loaded in the left or right column?', '6', '1', NULL, '2015-08-06 07:27:47', NULL, 'tep_cfg_select_option(array(\'Left Column\', \'Right Column\'), ');
insert into configuration (configuration_id, configuration_title, configuration_key, configuration_value, configuration_description, configuration_group_id, sort_order, last_modified, date_added, use_function, set_function) values ('278', 'Sort Order', 'MODULE_BOXES_SHOPPING_CART_SORT_ORDER', '0', 'Sort order of display. Lowest is displayed first.', '6', '0', NULL, '2015-08-06 07:27:47', NULL, NULL);
insert into configuration (configuration_id, configuration_title, configuration_key, configuration_value, configuration_description, configuration_group_id, sort_order, last_modified, date_added, use_function, set_function) values ('279', 'Enable Specials Module', 'MODULE_BOXES_SPECIALS_STATUS', 'True', 'Do you want to add the module to your shop?', '6', '1', NULL, '2015-08-06 07:28:13', NULL, 'tep_cfg_select_option(array(\'True\', \'False\'), ');
insert into configuration (configuration_id, configuration_title, configuration_key, configuration_value, configuration_description, configuration_group_id, sort_order, last_modified, date_added, use_function, set_function) values ('280', 'Content Placement', 'MODULE_BOXES_SPECIALS_CONTENT_PLACEMENT', 'Right Column', 'Should the module be loaded in the left or right column?', '6', '1', NULL, '2015-08-06 07:28:13', NULL, 'tep_cfg_select_option(array(\'Left Column\', \'Right Column\'), ');
insert into configuration (configuration_id, configuration_title, configuration_key, configuration_value, configuration_description, configuration_group_id, sort_order, last_modified, date_added, use_function, set_function) values ('281', 'Sort Order', 'MODULE_BOXES_SPECIALS_SORT_ORDER', '0', 'Sort order of display. Lowest is displayed first.', '6', '0', NULL, '2015-08-06 07:28:13', NULL, NULL);
insert into configuration (configuration_id, configuration_title, configuration_key, configuration_value, configuration_description, configuration_group_id, sort_order, last_modified, date_added, use_function, set_function) values ('282', 'Enable Search Module', 'MODULE_BOXES_SEARCH_STATUS', 'True', 'Do you want to add the module to your shop?', '6', '1', NULL, '2015-08-06 07:29:01', NULL, 'tep_cfg_select_option(array(\'True\', \'False\'), ');
insert into configuration (configuration_id, configuration_title, configuration_key, configuration_value, configuration_description, configuration_group_id, sort_order, last_modified, date_added, use_function, set_function) values ('283', 'Content Placement', 'MODULE_BOXES_SEARCH_CONTENT_PLACEMENT', 'Left Column', 'Should the module be loaded in the left or right column?', '6', '1', NULL, '2015-08-06 07:29:01', NULL, 'tep_cfg_select_option(array(\'Left Column\', \'Right Column\'), ');
insert into configuration (configuration_id, configuration_title, configuration_key, configuration_value, configuration_description, configuration_group_id, sort_order, last_modified, date_added, use_function, set_function) values ('284', 'Sort Order', 'MODULE_BOXES_SEARCH_SORT_ORDER', '', 'Sort order of display. Lowest is displayed first.', '6', '0', NULL, '2015-08-06 07:29:01', NULL, NULL);
insert into configuration (configuration_id, configuration_title, configuration_key, configuration_value, configuration_description, configuration_group_id, sort_order, last_modified, date_added, use_function, set_function) values ('285', 'Enable Information Module', 'MODULE_BOXES_INFORMATION_STATUS', 'True', 'Do you want to add the module to your shop?', '6', '1', NULL, '2015-08-06 07:29:50', NULL, 'tep_cfg_select_option(array(\'True\', \'False\'), ');
insert into configuration (configuration_id, configuration_title, configuration_key, configuration_value, configuration_description, configuration_group_id, sort_order, last_modified, date_added, use_function, set_function) values ('286', 'Content Placement', 'MODULE_BOXES_INFORMATION_CONTENT_PLACEMENT', 'Left Column', 'Should the module be loaded in the left or right column?', '6', '1', NULL, '2015-08-06 07:29:50', NULL, 'tep_cfg_select_option(array(\'Left Column\', \'Right Column\'), ');
insert into configuration (configuration_id, configuration_title, configuration_key, configuration_value, configuration_description, configuration_group_id, sort_order, last_modified, date_added, use_function, set_function) values ('287', 'Sort Order', 'MODULE_BOXES_INFORMATION_SORT_ORDER', '0', 'Sort order of display. Lowest is displayed first.', '6', '0', NULL, '2015-08-06 07:29:50', NULL, NULL);
insert into configuration (configuration_id, configuration_title, configuration_key, configuration_value, configuration_description, configuration_group_id, sort_order, last_modified, date_added, use_function, set_function) values ('288', 'Enable Navbar Module', 'MODULE_CONTENT_NAVBAR_STATUS', 'True', 'Should the Navbar be shown? ', '6', '1', NULL, '2015-08-06 07:32:40', NULL, 'tep_cfg_select_option(array(\'True\', \'False\'), ');
insert into configuration (configuration_id, configuration_title, configuration_key, configuration_value, configuration_description, configuration_group_id, sort_order, last_modified, date_added, use_function, set_function) values ('289', 'Sort Order', 'MODULE_CONTENT_NAVBAR_SORT_ORDER', '0', 'Sort order of display. Lowest is displayed first.', '6', '0', NULL, '2015-08-06 07:32:40', NULL, NULL);
insert into configuration (configuration_id, configuration_title, configuration_key, configuration_value, configuration_description, configuration_group_id, sort_order, last_modified, date_added, use_function, set_function) values ('290', 'Enable Header Breadcrumb Module', 'MODULE_CONTENT_HEADER_BREADCRUMB_STATUS', 'True', 'Do you want to enable the Breadcrumb content module?', '6', '1', NULL, '2015-08-06 07:33:34', NULL, 'tep_cfg_select_option(array(\'True\', \'False\'), ');
insert into configuration (configuration_id, configuration_title, configuration_key, configuration_value, configuration_description, configuration_group_id, sort_order, last_modified, date_added, use_function, set_function) values ('291', 'Content Width', 'MODULE_CONTENT_HEADER_BREADCRUMB_CONTENT_WIDTH', '12', 'What width container should the content be shown in?', '6', '1', NULL, '2015-08-06 07:33:34', NULL, 'tep_cfg_select_option(array(\'12\', \'11\', \'10\', \'9\', \'8\', \'7\', \'6\', \'5\', \'4\', \'3\', \'2\', \'1\'), ');
insert into configuration (configuration_id, configuration_title, configuration_key, configuration_value, configuration_description, configuration_group_id, sort_order, last_modified, date_added, use_function, set_function) values ('292', 'Sort Order', 'MODULE_CONTENT_HEADER_BREADCRUMB_SORT_ORDER', '50', 'Sort order of display. Lowest is displayed first.', '6', '0', NULL, '2015-08-06 07:33:34', NULL, NULL);
insert into configuration (configuration_id, configuration_title, configuration_key, configuration_value, configuration_description, configuration_group_id, sort_order, last_modified, date_added, use_function, set_function) values ('293', 'Enable Search Box Module', 'MODULE_CONTENT_HEADER_SEARCH_STATUS', 'True', 'Do you want to enable the Search Box content module?', '6', '1', NULL, '2015-08-06 07:33:44', NULL, 'tep_cfg_select_option(array(\'True\', \'False\'), ');
insert into configuration (configuration_id, configuration_title, configuration_key, configuration_value, configuration_description, configuration_group_id, sort_order, last_modified, date_added, use_function, set_function) values ('294', 'Content Width', 'MODULE_CONTENT_HEADER_SEARCH_CONTENT_WIDTH', '7', 'What width container should the content be shown in?', '6', '1', NULL, '2015-08-06 07:33:44', NULL, 'tep_cfg_select_option(array(\'12\', \'11\', \'10\', \'9\', \'8\', \'7\', \'6\', \'5\', \'4\', \'3\', \'2\', \'1\'), ');
insert into configuration (configuration_id, configuration_title, configuration_key, configuration_value, configuration_description, configuration_group_id, sort_order, last_modified, date_added, use_function, set_function) values ('295', 'Sort Order', 'MODULE_CONTENT_HEADER_SEARCH_SORT_ORDER', '0', 'Sort order of display. Lowest is displayed first.', '6', '0', NULL, '2015-08-06 07:33:44', NULL, NULL);
insert into configuration (configuration_id, configuration_title, configuration_key, configuration_value, configuration_description, configuration_group_id, sort_order, last_modified, date_added, use_function, set_function) values ('296', 'Enable Account Footer Module', 'MODULE_CONTENT_FOOTER_ACCOUNT_STATUS', 'True', 'Do you want to enable the Account content module?', '6', '1', NULL, '2015-08-06 07:34:03', NULL, 'tep_cfg_select_option(array(\'True\', \'False\'), ');
insert into configuration (configuration_id, configuration_title, configuration_key, configuration_value, configuration_description, configuration_group_id, sort_order, last_modified, date_added, use_function, set_function) values ('297', 'Content Width', 'MODULE_CONTENT_FOOTER_ACCOUNT_CONTENT_WIDTH', '3', 'What width container should the content be shown in? (12 = full width, 6 = half width).', '6', '1', NULL, '2015-08-06 07:34:03', NULL, 'tep_cfg_select_option(array(\'12\', \'11\', \'10\', \'9\', \'8\', \'7\', \'6\', \'5\', \'4\', \'3\', \'2\', \'1\'), ');
insert into configuration (configuration_id, configuration_title, configuration_key, configuration_value, configuration_description, configuration_group_id, sort_order, last_modified, date_added, use_function, set_function) values ('298', 'Sort Order', 'MODULE_CONTENT_FOOTER_ACCOUNT_SORT_ORDER', '0', 'Sort order of display. Lowest is displayed first.', '6', '0', NULL, '2015-08-06 07:34:03', NULL, NULL);
insert into configuration (configuration_id, configuration_title, configuration_key, configuration_value, configuration_description, configuration_group_id, sort_order, last_modified, date_added, use_function, set_function) values ('299', 'Enable Contact Us Footer Module', 'MODULE_CONTENT_FOOTER_CONTACT_US_STATUS', 'True', 'Do you want to enable the Contact Us content module?', '6', '1', NULL, '2015-08-06 07:34:10', NULL, 'tep_cfg_select_option(array(\'True\', \'False\'), ');
insert into configuration (configuration_id, configuration_title, configuration_key, configuration_value, configuration_description, configuration_group_id, sort_order, last_modified, date_added, use_function, set_function) values ('300', 'Content Width', 'MODULE_CONTENT_FOOTER_CONTACT_US_CONTENT_WIDTH', '3', 'What width container should the content be shown in? (12 = full width, 6 = half width).', '6', '1', NULL, '2015-08-06 07:34:10', NULL, 'tep_cfg_select_option(array(\'12\', \'11\', \'10\', \'9\', \'8\', \'7\', \'6\', \'5\', \'4\', \'3\', \'2\', \'1\'), ');
insert into configuration (configuration_id, configuration_title, configuration_key, configuration_value, configuration_description, configuration_group_id, sort_order, last_modified, date_added, use_function, set_function) values ('301', 'Sort Order', 'MODULE_CONTENT_FOOTER_CONTACT_US_SORT_ORDER', '0', 'Sort order of display. Lowest is displayed first.', '6', '0', NULL, '2015-08-06 07:34:10', NULL, NULL);
insert into configuration (configuration_id, configuration_title, configuration_key, configuration_value, configuration_description, configuration_group_id, sort_order, last_modified, date_added, use_function, set_function) values ('302', 'Enable Information Links Footer Module', 'MODULE_CONTENT_FOOTER_INFORMATION_STATUS', 'True', 'Do you want to enable the Information Links content module?', '6', '1', NULL, '2015-08-06 07:34:17', NULL, 'tep_cfg_select_option(array(\'True\', \'False\'), ');
insert into configuration (configuration_id, configuration_title, configuration_key, configuration_value, configuration_description, configuration_group_id, sort_order, last_modified, date_added, use_function, set_function) values ('303', 'Content Width', 'MODULE_CONTENT_FOOTER_INFORMATION_CONTENT_WIDTH', '3', 'What width container should the content be shown in? (12 = full width, 6 = half width).', '6', '1', NULL, '2015-08-06 07:34:17', NULL, 'tep_cfg_select_option(array(\'12\', \'11\', \'10\', \'9\', \'8\', \'7\', \'6\', \'5\', \'4\', \'3\', \'2\', \'1\'), ');
insert into configuration (configuration_id, configuration_title, configuration_key, configuration_value, configuration_description, configuration_group_id, sort_order, last_modified, date_added, use_function, set_function) values ('304', 'Sort Order', 'MODULE_CONTENT_FOOTER_INFORMATION_SORT_ORDER', '0', 'Sort order of display. Lowest is displayed first.', '6', '0', NULL, '2015-08-06 07:34:17', NULL, NULL);
insert into configuration (configuration_id, configuration_title, configuration_key, configuration_value, configuration_description, configuration_group_id, sort_order, last_modified, date_added, use_function, set_function) values ('305', 'Enable Generic Text Footer Module', 'MODULE_CONTENT_FOOTER_TEXT_STATUS', 'True', 'Do you want to enable the Generic Text content module?', '6', '1', NULL, '2015-08-06 07:34:25', NULL, 'tep_cfg_select_option(array(\'True\', \'False\'), ');
insert into configuration (configuration_id, configuration_title, configuration_key, configuration_value, configuration_description, configuration_group_id, sort_order, last_modified, date_added, use_function, set_function) values ('306', 'Content Width', 'MODULE_CONTENT_FOOTER_TEXT_CONTENT_WIDTH', '3', 'What width container should the content be shown in? (12 = full width, 6 = half width).', '6', '1', NULL, '2015-08-06 07:34:25', NULL, 'tep_cfg_select_option(array(\'12\', \'11\', \'10\', \'9\', \'8\', \'7\', \'6\', \'5\', \'4\', \'3\', \'2\', \'1\'), ');
insert into configuration (configuration_id, configuration_title, configuration_key, configuration_value, configuration_description, configuration_group_id, sort_order, last_modified, date_added, use_function, set_function) values ('307', 'Sort Order', 'MODULE_CONTENT_FOOTER_TEXT_SORT_ORDER', '0', 'Sort order of display. Lowest is displayed first.', '6', '0', NULL, '2015-08-06 07:34:25', NULL, NULL);
insert into configuration (configuration_id, configuration_title, configuration_key, configuration_value, configuration_description, configuration_group_id, sort_order, last_modified, date_added, use_function, set_function) values ('308', 'Enable Header Logo Module', 'MODULE_CONTENT_HEADER_LOGO_STATUS', 'True', 'Do you want to enable the Logo content module?', '6', '1', NULL, '2015-08-06 07:34:31', NULL, 'tep_cfg_select_option(array(\'True\', \'False\'), ');
insert into configuration (configuration_id, configuration_title, configuration_key, configuration_value, configuration_description, configuration_group_id, sort_order, last_modified, date_added, use_function, set_function) values ('309', 'Content Width', 'MODULE_CONTENT_HEADER_LOGO_CONTENT_WIDTH', '3', 'What width container should the content be shown in?', '6', '1', NULL, '2015-08-06 07:34:31', NULL, 'tep_cfg_select_option(array(\'12\', \'11\', \'10\', \'9\', \'8\', \'7\', \'6\', \'5\', \'4\', \'3\', \'2\', \'1\'), ');
insert into configuration (configuration_id, configuration_title, configuration_key, configuration_value, configuration_description, configuration_group_id, sort_order, last_modified, date_added, use_function, set_function) values ('310', 'Sort Order', 'MODULE_CONTENT_HEADER_LOGO_SORT_ORDER', '0', 'Sort order of display. Lowest is displayed first.', '6', '0', NULL, '2015-08-06 07:34:31', NULL, NULL);
insert into configuration (configuration_id, configuration_title, configuration_key, configuration_value, configuration_description, configuration_group_id, sort_order, last_modified, date_added, use_function, set_function) values ('311', 'Enable Copyright Details Footer Module', 'MODULE_CONTENT_FOOTER_EXTRA_COPYRIGHT_STATUS', 'True', 'Do you want to enable the Copyright content module?', '6', '1', NULL, '2015-08-06 07:34:43', NULL, 'tep_cfg_select_option(array(\'True\', \'False\'), ');
insert into configuration (configuration_id, configuration_title, configuration_key, configuration_value, configuration_description, configuration_group_id, sort_order, last_modified, date_added, use_function, set_function) values ('312', 'Content Width', 'MODULE_CONTENT_FOOTER_EXTRA_COPYRIGHT_CONTENT_WIDTH', '6', 'What width container should the content be shown in? (12 = full width, 6 = half width).', '6', '1', NULL, '2015-08-06 07:34:43', NULL, 'tep_cfg_select_option(array(\'12\', \'11\', \'10\', \'9\', \'8\', \'7\', \'6\', \'5\', \'4\', \'3\', \'2\', \'1\'), ');
insert into configuration (configuration_id, configuration_title, configuration_key, configuration_value, configuration_description, configuration_group_id, sort_order, last_modified, date_added, use_function, set_function) values ('313', 'Sort Order', 'MODULE_CONTENT_FOOTER_EXTRA_COPYRIGHT_SORT_ORDER', '0', 'Sort order of display. Lowest is displayed first.', '6', '0', NULL, '2015-08-06 07:34:43', NULL, NULL);
insert into configuration (configuration_id, configuration_title, configuration_key, configuration_value, configuration_description, configuration_group_id, sort_order, last_modified, date_added, use_function, set_function) values ('314', 'Enable Payment Icons Footer Module', 'MODULE_CONTENT_FOOTER_EXTRA_ICONS_STATUS', 'True', 'Do you want to enable the Payment Icons content module?', '6', '1', NULL, '2015-08-06 07:34:50', NULL, 'tep_cfg_select_option(array(\'True\', \'False\'), ');
insert into configuration (configuration_id, configuration_title, configuration_key, configuration_value, configuration_description, configuration_group_id, sort_order, last_modified, date_added, use_function, set_function) values ('315', 'Content Width', 'MODULE_CONTENT_FOOTER_EXTRA_ICONS_CONTENT_WIDTH', '6', 'What width container should the content be shown in? (12 = full width, 6 = half width).', '6', '1', NULL, '2015-08-06 07:34:50', NULL, 'tep_cfg_select_option(array(\'12\', \'11\', \'10\', \'9\', \'8\', \'7\', \'6\', \'5\', \'4\', \'3\', \'2\', \'1\'), ');
insert into configuration (configuration_id, configuration_title, configuration_key, configuration_value, configuration_description, configuration_group_id, sort_order, last_modified, date_added, use_function, set_function) values ('316', 'Sort Order', 'MODULE_CONTENT_FOOTER_EXTRA_ICONS_SORT_ORDER', '0', 'Sort order of display. Lowest is displayed first.', '6', '0', NULL, '2015-08-06 07:34:50', NULL, NULL);
insert into configuration (configuration_id, configuration_title, configuration_key, configuration_value, configuration_description, configuration_group_id, sort_order, last_modified, date_added, use_function, set_function) values ('317', 'Enable Reviews Module', 'MODULE_CONTENT_PRODUCT_INFO_REVIEWS_STATUS', 'True', 'Should the reviews block be shown on the product info page?', '6', '1', NULL, '2015-08-06 07:34:56', NULL, 'tep_cfg_select_option(array(\'True\', \'False\'), ');
insert into configuration (configuration_id, configuration_title, configuration_key, configuration_value, configuration_description, configuration_group_id, sort_order, last_modified, date_added, use_function, set_function) values ('318', 'Content Width', 'MODULE_CONTENT_PRODUCT_INFO_REVIEWS_CONTENT_WIDTH', '6', 'What width container should the content be shown in?', '6', '1', NULL, '2015-08-06 07:34:56', NULL, 'tep_cfg_select_option(array(\'12\', \'11\', \'10\', \'9\', \'8\', \'7\', \'6\', \'5\', \'4\', \'3\', \'2\', \'1\'), ');
insert into configuration (configuration_id, configuration_title, configuration_key, configuration_value, configuration_description, configuration_group_id, sort_order, last_modified, date_added, use_function, set_function) values ('319', 'Number of Reviews', 'MODULE_CONTENT_PRODUCT_INFO_REVIEWS_CONTENT_LIMIT', '4', 'How many reviews should be shown?', '6', '1', NULL, '2015-08-06 07:34:56', NULL, NULL);
insert into configuration (configuration_id, configuration_title, configuration_key, configuration_value, configuration_description, configuration_group_id, sort_order, last_modified, date_added, use_function, set_function) values ('320', 'Sort Order', 'MODULE_CONTENT_PRODUCT_INFO_REVIEWS_SORT_ORDER', '0', 'Sort order of display. Lowest is displayed first.', '6', '0', NULL, '2015-08-06 07:34:56', NULL, NULL);
insert into configuration (configuration_id, configuration_title, configuration_key, configuration_value, configuration_description, configuration_group_id, sort_order, last_modified, date_added, use_function, set_function) values ('321', 'Enable Reviews Module', 'MODULE_BOXES_REVIEWS_STATUS', 'True', 'Do you want to add the module to your shop?', '6', '1', NULL, '2015-08-06 07:46:57', NULL, 'tep_cfg_select_option(array(\'True\', \'False\'), ');
insert into configuration (configuration_id, configuration_title, configuration_key, configuration_value, configuration_description, configuration_group_id, sort_order, last_modified, date_added, use_function, set_function) values ('322', 'Content Placement', 'MODULE_BOXES_REVIEWS_CONTENT_PLACEMENT', 'Right Column', 'Should the module be loaded in the left or right column?', '6', '1', NULL, '2015-08-06 07:46:57', NULL, 'tep_cfg_select_option(array(\'Left Column\', \'Right Column\'), ');
insert into configuration (configuration_id, configuration_title, configuration_key, configuration_value, configuration_description, configuration_group_id, sort_order, last_modified, date_added, use_function, set_function) values ('323', 'Sort Order', 'MODULE_BOXES_REVIEWS_SORT_ORDER', '0', 'Sort order of display. Lowest is displayed first.', '6', '1', NULL, '2015-08-06 07:46:57', NULL, NULL);
insert into configuration (configuration_id, configuration_title, configuration_key, configuration_value, configuration_description, configuration_group_id, sort_order, last_modified, date_added, use_function, set_function) values ('324', 'Enable Currencies Module', 'MODULE_BOXES_CURRENCIES_STATUS', 'True', 'Do you want to add the module to your shop?', '6', '1', NULL, '2015-08-06 07:48:00', NULL, 'tep_cfg_select_option(array(\'True\', \'False\'), ');
insert into configuration (configuration_id, configuration_title, configuration_key, configuration_value, configuration_description, configuration_group_id, sort_order, last_modified, date_added, use_function, set_function) values ('325', 'Content Placement', 'MODULE_BOXES_CURRENCIES_CONTENT_PLACEMENT', 'Right Column', 'Should the module be loaded in the left or right column?', '6', '1', NULL, '2015-08-06 07:48:00', NULL, 'tep_cfg_select_option(array(\'Left Column\', \'Right Column\'), ');
insert into configuration (configuration_id, configuration_title, configuration_key, configuration_value, configuration_description, configuration_group_id, sort_order, last_modified, date_added, use_function, set_function) values ('326', 'Sort Order', 'MODULE_BOXES_CURRENCIES_SORT_ORDER', '0', 'Sort order of display. Lowest is displayed first.', '6', '0', NULL, '2015-08-06 07:48:00', NULL, NULL);
insert into configuration (configuration_id, configuration_title, configuration_key, configuration_value, configuration_description, configuration_group_id, sort_order, last_modified, date_added, use_function, set_function) values ('327', 'Current Version', 'MODULE_CONTENT_PRODUCT_INFO_RELATED_PRODUCTS_VERSION_INSTALLED', '5.0 BS', 'This key is used by the SQL install to automatically update your database during upgrades. It is read only.?', '6', '1', NULL, '2015-08-06 08:21:40', NULL, 'tep_version_readonly(');
insert into configuration (configuration_id, configuration_title, configuration_key, configuration_value, configuration_description, configuration_group_id, sort_order, last_modified, date_added, use_function, set_function) values ('328', 'Enable Related Products Module', 'MODULE_CONTENT_PRODUCT_INFO_RELATED_PRODUCTS_STATUS', 'True', 'Should the optional_related_products block be shown on the product info page?', '6', '1', NULL, '2015-08-06 08:21:40', NULL, 'tep_cfg_select_option(array(\'True\', \'False\'), ');
insert into configuration (configuration_id, configuration_title, configuration_key, configuration_value, configuration_description, configuration_group_id, sort_order, last_modified, date_added, use_function, set_function) values ('329', 'Content Width', 'MODULE_CONTENT_PRODUCT_INFO_RELATED_PRODUCTS_CONTENT_WIDTH', '12', 'What width container should the content be shown in?', '6', '1', NULL, '2015-08-06 08:21:40', NULL, 'tep_cfg_select_option(array(\'12\', \'11\', \'10\', \'9\', \'8\', \'7\', \'6\', \'5\', \'4\', \'3\', \'2\', \'1\'), ');
insert into configuration (configuration_id, configuration_title, configuration_key, configuration_value, configuration_description, configuration_group_id, sort_order, last_modified, date_added, use_function, set_function) values ('330', 'Sort Order', 'MODULE_CONTENT_PRODUCT_INFO_RELATED_PRODUCTS_SORT_ORDER', '1100', 'Sort order of display. Lowest is displayed first.', '6', '0', NULL, '2015-08-06 08:21:40', NULL, NULL);
insert into configuration (configuration_id, configuration_title, configuration_key, configuration_value, configuration_description, configuration_group_id, sort_order, last_modified, date_added, use_function, set_function) values ('331', 'Display Thumbnail Image', 'MODULE_CONTENT_RELATED_PRODUCTS_SHOW_THUMBS', 'True', 'Show Product Image', '6', '1', NULL, '2015-08-06 08:21:40', NULL, 'tep_cfg_select_option(array(\'True\', \'False\'), ');
insert into configuration (configuration_id, configuration_title, configuration_key, configuration_value, configuration_description, configuration_group_id, sort_order, last_modified, date_added, use_function, set_function) values ('332', 'Display Product Name', 'MODULE_CONTENT_PRODUCT_INFO_RELATED_PRODUCTS_SHOW_NAME', 'True', 'Show Product Name', '6', '1', NULL, '2015-08-06 08:21:40', NULL, 'tep_cfg_select_option(array(\'True\', \'False\'), ');
insert into configuration (configuration_id, configuration_title, configuration_key, configuration_value, configuration_description, configuration_group_id, sort_order, last_modified, date_added, use_function, set_function) values ('333', 'Display Product Model', 'MODULE_CONTENT_PRODUCT_INFO_RELATED_PRODUCTS_SHOW_MODEL', 'False', 'Show Product Model', '6', '1', NULL, '2015-08-06 08:21:40', NULL, 'tep_cfg_select_option(array(\'True\', \'False\'), ');
insert into configuration (configuration_id, configuration_title, configuration_key, configuration_value, configuration_description, configuration_group_id, sort_order, last_modified, date_added, use_function, set_function) values ('334', 'Display Product Price', 'MODULE_CONTENT_PRODUCT_INFO_RELATED_PRODUCTS_SHOW_PRICE', 'True', 'Show Product Price', '6', '1', NULL, '2015-08-06 08:21:40', NULL, 'tep_cfg_select_option(array(\'True\', \'False\'), ');
insert into configuration (configuration_id, configuration_title, configuration_key, configuration_value, configuration_description, configuration_group_id, sort_order, last_modified, date_added, use_function, set_function) values ('335', 'Display Quantity Available', 'MODULE_CONTENT_PRODUCT_INFO_RELATED_PRODUCTS_SHOW_QUANTITY', 'False', 'Show Product Quantity', '6', '1', NULL, '2015-08-06 08:21:40', NULL, 'tep_cfg_select_option(array(\'True\', \'False\'), ');
insert into configuration (configuration_id, configuration_title, configuration_key, configuration_value, configuration_description, configuration_group_id, sort_order, last_modified, date_added, use_function, set_function) values ('336', 'Define Number of Items to Display', 'MODULE_CONTENT_PRODUCT_INFO_RELATED_PRODUCTS_MAX_DISP', '0', 'Maximum number of Related Products to display. 0 is unlimited.', '6', '1', NULL, '2015-08-06 08:21:40', NULL, NULL);
insert into configuration (configuration_id, configuration_title, configuration_key, configuration_value, configuration_description, configuration_group_id, sort_order, last_modified, date_added, use_function, set_function) values ('337', 'Maximum word length', 'MODULE_CONTENT_PRODUCT_INFO_RELATED_PRODUCTS_MAX_WORD_LENGTH', '40', 'Maximum number of characters in a single word in Product Name', '6', '1', NULL, '2015-08-06 08:21:40', NULL, NULL);
insert into configuration (configuration_id, configuration_title, configuration_key, configuration_value, configuration_description, configuration_group_id, sort_order, last_modified, date_added, use_function, set_function) values ('338', 'Maximum of characters', 'MODULE_CONTENT_PRODUCT_INFO_RELATED_PRODUCTS_MAX_CHARACTERS', '36', 'Maximum number of characters of the product name to display', '6', '1', NULL, '2015-08-06 08:21:40', NULL, NULL);
insert into configuration (configuration_id, configuration_title, configuration_key, configuration_value, configuration_description, configuration_group_id, sort_order, last_modified, date_added, use_function, set_function) values ('339', 'Height mode', 'MODULE_CONTENT_PRODUCT_INFO_RELATED_PRODUCTS_HEIGHT_MODE', 'Equal Height', 'How should the height of each product box be adjusted. \'Equal Height\' uses the Equal Height jquery script. Fixed Height uses the Height specified in the next field. \'None\' adjusts the height depending on the content', '6', '1', NULL, '2015-08-06 08:21:40', NULL, 'tep_cfg_select_option(array(\'Equal Height\', \'Fixed Height\', \'None\'), ');
insert into configuration (configuration_id, configuration_title, configuration_key, configuration_value, configuration_description, configuration_group_id, sort_order, last_modified, date_added, use_function, set_function) values ('340', 'Fixed height value', 'MODULE_CONTENT_PRODUCT_INFO_RELATED_PRODUCTS_HEIGHT_VALUE', '11', 'Fixed height for the product box in em. Has no effect for \'Equal Height\' and \'None\' mode.', '6', '0', NULL, '2015-08-06 08:21:40', NULL, NULL);
insert into configuration (configuration_id, configuration_title, configuration_key, configuration_value, configuration_description, configuration_group_id, sort_order, last_modified, date_added, use_function, set_function) values ('341', 'Use Random Display Order', 'MODULE_CONTENT_PRODUCT_INFO_RELATED_PRODUCTS_RANDOMIZE', 'False', 'Adds random sort order to products displayed. Recommended if maximum number of products is set.', '6', '1', NULL, '2015-08-06 08:21:40', NULL, 'tep_cfg_select_option(array(\'True\', \'False\'), ');
insert into configuration (configuration_id, configuration_title, configuration_key, configuration_value, configuration_description, configuration_group_id, sort_order, last_modified, date_added, use_function, set_function) values ('342', 'Admin Display: Maximum Rows', 'MODULE_CONTENT_PRODUCT_INFO_ADMIN_RELATED_PRODUCTS_MAX_ROW_LISTS_OPTIONS', '10', 'Sets the maximum number of rows to display per page.', '6', '0', NULL, '2015-08-06 08:21:40', NULL, NULL);
insert into configuration (configuration_id, configuration_title, configuration_key, configuration_value, configuration_description, configuration_group_id, sort_order, last_modified, date_added, use_function, set_function) values ('343', 'Admin Display: Drop-Down List Maximum Length', 'MODULE_CONTENT_PRODUCT_INFO_ADMIN_RELATED_PRODUCTS_MAX_NAME_LENGTH', '0', 'Sets the maximum length (in characters) of product name displayed in drop-down lists. Enter \'0\' to set this option to false.', '6', '0', NULL, '2015-08-06 08:21:40', NULL, NULL);
insert into configuration (configuration_id, configuration_title, configuration_key, configuration_value, configuration_description, configuration_group_id, sort_order, last_modified, date_added, use_function, set_function) values ('344', 'Admin Display: Display List Maximum Length', 'MODULE_CONTENT_PRODUCT_INFO_ADMIN_RELATED_PRODUCTS_MAX_DISPLAY_LENGTH', '0', 'Sets the maximum length (in characters) of product name displayed in list. Enter \'0\' to set this option to false.', '6', '0', NULL, '2015-08-06 08:21:40', NULL, NULL);
insert into configuration (configuration_id, configuration_title, configuration_key, configuration_value, configuration_description, configuration_group_id, sort_order, last_modified, date_added, use_function, set_function) values ('345', 'Admin Display: Use Product Model', 'MODULE_CONTENT_PRODUCT_INFO_ADMIN_RELATED_PRODUCTS_USE_MODEL', 'False', 'Uses Product Model in lists. When Product Name is also selected, Product Model is displayed first.', '6', '1', NULL, '2015-08-06 08:21:40', NULL, 'tep_cfg_select_option(array(\'True\', \'False\'), ');
insert into configuration (configuration_id, configuration_title, configuration_key, configuration_value, configuration_description, configuration_group_id, sort_order, last_modified, date_added, use_function, set_function) values ('346', 'Admin Display: Use Product Name', 'MODULE_CONTENT_PRODUCT_INFO_ADMIN_RELATED_PRODUCTS_USE_NAME', 'True', 'Uses Product Name in lists. When Product Model is also selected, Product Model is displayed first.', '6', '1', NULL, '2015-08-06 08:21:40', NULL, 'tep_cfg_select_option(array(\'True\', \'False\'), ');
insert into configuration (configuration_id, configuration_title, configuration_key, configuration_value, configuration_description, configuration_group_id, sort_order, last_modified, date_added, use_function, set_function) values ('347', 'Admin Display: Combine Model and Name separator', 'MODULE_CONTENT_PRODUCT_INFO_ADMIN_RELATED_PRODUCTS_MODEL_SEPARATOR', ': ', 'Enter the characters you would like to separate Model from Name, when using both. Leave empty if only using Model.', '6', '0', NULL, '2015-08-06 08:21:40', NULL, NULL);
insert into configuration (configuration_id, configuration_title, configuration_key, configuration_value, configuration_description, configuration_group_id, sort_order, last_modified, date_added, use_function, set_function) values ('348', 'Admin Function: Use Delete Confirmation', 'MODULE_CONTENT_PRODUCT_INFO_ADMIN_RELATED_PRODUCTS_CONFIRM_DELETE', 'True', 'When set to True, a confirmation box will pop-up when deleting an association. Set to False to Delete without confirmation.', '6', '1', NULL, '2015-08-06 08:21:40', NULL, 'tep_cfg_select_option(array(\'True\', \'False\'), ');
insert into configuration (configuration_id, configuration_title, configuration_key, configuration_value, configuration_description, configuration_group_id, sort_order, last_modified, date_added, use_function, set_function) values ('349', 'Admin Function: Combine Insert with Inherit', 'MODULE_CONTENT_PRODUCT_INFO_ADMIN_RELATED_PRODUCTS_INSERT_AND_INHERIT', 'False', 'When set to True, clicking on Inherit will also Insert the product association. When False, Inherit works as before.', '6', '1', NULL, '2015-08-06 08:21:40', NULL, 'tep_cfg_select_option(array(\'True\', \'False\'), ');
insert into configuration (configuration_id, configuration_title, configuration_key, configuration_value, configuration_description, configuration_group_id, sort_order, last_modified, date_added, use_function, set_function) values ('350', 'Enable Login Form Module', 'MODULE_CONTENT_PWA_LOGIN_STATUS', 'True', 'Do you want to enable the login form module?', '6', '1', NULL, '2015-08-06 09:36:00', NULL, 'tep_cfg_select_option(array(\'True\', \'False\'), ');
insert into configuration (configuration_id, configuration_title, configuration_key, configuration_value, configuration_description, configuration_group_id, sort_order, last_modified, date_added, use_function, set_function) values ('351', 'Content Width', 'MODULE_CONTENT_PWA_LOGIN_CONTENT_WIDTH', 'Half', 'Should the content be shown in a full or half width container?', '6', '2', NULL, '2015-08-06 09:36:00', NULL, 'tep_cfg_select_option(array(\'Full\', \'Half\'), ');
insert into configuration (configuration_id, configuration_title, configuration_key, configuration_value, configuration_description, configuration_group_id, sort_order, last_modified, date_added, use_function, set_function) values ('352', 'Sort Order', 'MODULE_CONTENT_PWA_LOGIN_SORT_ORDER', '0', 'Sort order of display. Lowest is displayed first.', '6', '3', NULL, '2015-08-06 09:36:00', NULL, NULL);
insert into configuration (configuration_id, configuration_title, configuration_key, configuration_value, configuration_description, configuration_group_id, sort_order, last_modified, date_added, use_function, set_function) values ('353', 'Require Telephone Number', 'GUEST_CHECKOUT_TELEPHONE', 'true', 'Require Telephone Number?', '6', '5', '0000-00-00 00:00:00', '2015-08-06 09:36:00', NULL, 'tep_cfg_select_option(array(\'true\', \'false\'),');
insert into configuration (configuration_id, configuration_title, configuration_key, configuration_value, configuration_description, configuration_group_id, sort_order, last_modified, date_added, use_function, set_function) values ('354', 'Enable Get States Module', 'MODULE_HEADER_TAGS_GET_STATES_STATUS', 'True', 'Do you want to enable the Get States module?', '6', '1', NULL, '2015-08-06 12:50:57', NULL, 'tep_cfg_select_option(array(\'True\', \'False\'), ');
insert into configuration (configuration_id, configuration_title, configuration_key, configuration_value, configuration_description, configuration_group_id, sort_order, last_modified, date_added, use_function, set_function) values ('355', 'Pages', 'MODULE_HEADER_TAGS_GET_STATES_PAGES', 'address_book_process.php;checkout_shipping_address.php;create_account.php', 'The pages to add the State Selector to.', '6', '0', NULL, '2015-08-06 12:50:57', 'ht_get_states_show_pages', 'ht_get_states_edit_pages(');
insert into configuration (configuration_id, configuration_title, configuration_key, configuration_value, configuration_description, configuration_group_id, sort_order, last_modified, date_added, use_function, set_function) values ('356', 'Sort Order', 'MODULE_HEADER_TAGS_GET_STATES_SORT_ORDER', '0', 'Sort order of display. Lowest is displayed first.', '6', '0', NULL, '2015-08-06 12:50:57', NULL, NULL);
insert into configuration (configuration_id, configuration_title, configuration_key, configuration_value, configuration_description, configuration_group_id, sort_order, last_modified, date_added, use_function, set_function) values ('357', 'Use Store Country by Default', 'MODULE_HEADER_TAGS_GET_STATES_DEFAULT_COUNTRY', 'True', 'Do you want to show the Store Country selected by default?', '6', '1', NULL, '2015-08-06 12:50:57', NULL, 'tep_cfg_select_option(array(\'True\', \'False\'), ');
insert into configuration (configuration_id, configuration_title, configuration_key, configuration_value, configuration_description, configuration_group_id, sort_order, last_modified, date_added, use_function, set_function) values ('394', 'Module Version', 'MODULE_SHIPPING_MZMT_VERSION', '2.1a', 'The version of this module that you are running', '6', '0', NULL, '2015-08-07 12:31:47', NULL, 'tep_cfg_disabled(');
insert into configuration (configuration_id, configuration_title, configuration_key, configuration_value, configuration_description, configuration_group_id, sort_order, last_modified, date_added, use_function, set_function) values ('395', '', 'MODULE_SHIPPING_MZMT_LANGUAGE_FILE_TEST', '', '', '6', '0', NULL, '0000-00-00 00:00:00', 'tep_cfg_mzmt_language_file_check', 'tep_cfg_do_nothing(');
insert into configuration (configuration_id, configuration_title, configuration_key, configuration_value, configuration_description, configuration_group_id, sort_order, last_modified, date_added, use_function, set_function) values ('396', '', 'MODULE_SHIPPING_MZMT_MODULE_MODS_TEST', '', '', '6', '0', NULL, '0000-00-00 00:00:00', 'tep_cfg_mzmt_modules_mod_test', 'tep_cfg_do_nothing(');
insert into configuration (configuration_id, configuration_title, configuration_key, configuration_value, configuration_description, configuration_group_id, sort_order, last_modified, date_added, use_function, set_function) values ('397', 'Enable Multi-Geo Zone Multi-Table Shipping', 'MODULE_SHIPPING_MZMT_STATUS', 'True', 'Do you want to offer multi-region multi-table rate shipping?', '6', '0', NULL, '2015-08-07 12:31:47', NULL, 'tep_cfg_select_option(array(\'True\', \'False\'), ');
insert into configuration (configuration_id, configuration_title, configuration_key, configuration_value, configuration_description, configuration_group_id, sort_order, last_modified, date_added, use_function, set_function) values ('398', 'Tax Class', 'MODULE_SHIPPING_MZMT_TAX_CLASS', '0', 'Use the following tax class on the shipping fee.', '6', '0', NULL, '2015-08-07 12:31:47', 'tep_get_tax_class_title', 'tep_cfg_pull_down_tax_classes(');
insert into configuration (configuration_id, configuration_title, configuration_key, configuration_value, configuration_description, configuration_group_id, sort_order, last_modified, date_added, use_function, set_function) values ('399', 'Prefix', 'MODULE_SHIPPING_MZMT_PREFIX', 'shp', 'Use only geo zones that start with this string. Leave blank to show all geo zones, including tax zones.', '6', '0', NULL, '2015-08-07 12:31:47', NULL, NULL);
insert into configuration (configuration_id, configuration_title, configuration_key, configuration_value, configuration_description, configuration_group_id, sort_order, last_modified, date_added, use_function, set_function) values ('400', 'Weight Units', 'MODULE_SHIPPING_MZMT_WEIGHT_UNITS', 'lbs.', 'Show these units after the weight. If blank, no weight will be shown.', '6', '0', NULL, '2015-08-07 12:31:47', NULL, NULL);
insert into configuration (configuration_id, configuration_title, configuration_key, configuration_value, configuration_description, configuration_group_id, sort_order, last_modified, date_added, use_function, set_function) values ('401', 'Sort Order', 'MODULE_SHIPPING_MZMT_SORT_ORDER', '0', 'Sort order of display.', '6', '0', NULL, '2015-08-07 12:31:47', NULL, NULL);
insert into configuration (configuration_id, configuration_title, configuration_key, configuration_value, configuration_description, configuration_group_id, sort_order, last_modified, date_added, use_function, set_function) values ('402', 'Number of Geo Zones', 'MODULE_SHIPPING_MZMT_NUMBER_GEOZONES', '2', 'The number of shipping geo zones you want to use. <span style=\"color:red;\"><b>NOTICE:</b> Click the <b>Update</b> box below if you change this.</span>', '6', '0', NULL, '2015-08-07 12:31:47', NULL, NULL);
insert into configuration (configuration_id, configuration_title, configuration_key, configuration_value, configuration_description, configuration_group_id, sort_order, last_modified, date_added, use_function, set_function) values ('403', 'Number of Tables/Geo Zone', 'MODULE_SHIPPING_MZMT_NUMBER_TABLES', '2', 'The number of shipping tables per geo zone. <span style=\"color:red;\"><b>NOTICE:</b> Click the <b>Update</b> box below if you change this.</span>', '6', '0', NULL, '2015-08-07 12:31:47', NULL, NULL);
insert into configuration (configuration_id, configuration_title, configuration_key, configuration_value, configuration_description, configuration_group_id, sort_order, last_modified, date_added, use_function, set_function) values ('404', 'Update', 'MODULE_SHIPPING_MZMT_UPDATE_ZONES_TABLES', '', 'Check if you want to change the number of geo zones or tables. <span style=\"color:red;\"><b>WARNING:</b> This will remove all of the settings below.</span>', '6', '0', NULL, '0000-00-00 00:00:00', '', 'tep_cfg_mzmt_update( ');
insert into configuration (configuration_id, configuration_title, configuration_key, configuration_value, configuration_description, configuration_group_id, sort_order, last_modified, date_added, use_function, set_function) values ('405', '<hr />Geo Zone 1', 'MODULE_SHIPPING_MZMT_GEOZONE_1_ID', '', 'Enable this method for the following geo zone.', '6', '0', NULL, '2015-08-07 12:32:10', 'tep_get_zone_class_title', 'tep_cfg_pull_down_geozones(');
insert into configuration (configuration_id, configuration_title, configuration_key, configuration_value, configuration_description, configuration_group_id, sort_order, last_modified, date_added, use_function, set_function) values ('406', 'Geo Zone 1 Table Mode', 'MODULE_SHIPPING_MZMT_GEOZONE_1_MODE', 'weight', 'The shipping cost is based on the total weight, total price, or total count of the items ordered.', '6', '0', NULL, '2015-08-07 12:32:10', NULL, 'tep_cfg_select_option(array(\'weight\', \'price\', \'count\'), ');
insert into configuration (configuration_id, configuration_title, configuration_key, configuration_value, configuration_description, configuration_group_id, sort_order, last_modified, date_added, use_function, set_function) values ('407', 'Geo Zone 1 Table Icon', 'MODULE_SHIPPING_MZMT_GEOZONE_1_ICON', '', 'The icon of the shipping method. Leave blank if none.', '6', '0', NULL, '2015-08-07 12:32:10', NULL, NULL);
insert into configuration (configuration_id, configuration_title, configuration_key, configuration_value, configuration_description, configuration_group_id, sort_order, last_modified, date_added, use_function, set_function) values ('408', 'Geo Zone 1 Handling Fee', 'MODULE_SHIPPING_MZMT_GEOZONE_1_HANDLING', '0', 'Handling Fee for this geo zone.', '6', '0', NULL, '2015-08-07 12:32:10', NULL, NULL);
insert into configuration (configuration_id, configuration_title, configuration_key, configuration_value, configuration_description, configuration_group_id, sort_order, last_modified, date_added, use_function, set_function) values ('409', 'Geo Zone 1 Table Title in English', 'MODULE_SHIPPING_MZMT_GEOZONE_1_TEXT_TITLE_ENGLISH', '', 'The title of the shipping method in English.', '6', '0', NULL, '2015-08-07 12:32:10', NULL, NULL);
insert into configuration (configuration_id, configuration_title, configuration_key, configuration_value, configuration_description, configuration_group_id, sort_order, last_modified, date_added, use_function, set_function) values ('410', 'Geo Zone 1 Shipping Table 1', 'MODULE_SHIPPING_MZMT_GEOZONE_1_TABLE_1', '', 'Shipping table 1 for this geo zone', '6', '0', NULL, '2015-08-07 12:32:10', NULL, NULL);
insert into configuration (configuration_id, configuration_title, configuration_key, configuration_value, configuration_description, configuration_group_id, sort_order, last_modified, date_added, use_function, set_function) values ('411', 'Geo Zone 1 Shipping Table 1 Name', 'MODULE_SHIPPING_MZMT_GEOZONE_1_TABLE_1_TEXT_WAY_ENGLISH', '', 'Shipping table 1 name for this geo zone in English', '6', '0', NULL, '2015-08-07 12:32:10', NULL, NULL);
insert into configuration (configuration_id, configuration_title, configuration_key, configuration_value, configuration_description, configuration_group_id, sort_order, last_modified, date_added, use_function, set_function) values ('412', 'Geo Zone 1 Shipping Table 2', 'MODULE_SHIPPING_MZMT_GEOZONE_1_TABLE_2', '', 'Shipping table 2 for this geo zone', '6', '0', NULL, '2015-08-07 12:32:10', NULL, NULL);
insert into configuration (configuration_id, configuration_title, configuration_key, configuration_value, configuration_description, configuration_group_id, sort_order, last_modified, date_added, use_function, set_function) values ('413', 'Geo Zone 1 Shipping Table 2 Name', 'MODULE_SHIPPING_MZMT_GEOZONE_1_TABLE_2_TEXT_WAY_ENGLISH', '', 'Shipping table 2 name for this geo zone in English', '6', '0', NULL, '2015-08-07 12:32:10', NULL, NULL);
insert into configuration (configuration_id, configuration_title, configuration_key, configuration_value, configuration_description, configuration_group_id, sort_order, last_modified, date_added, use_function, set_function) values ('414', '<hr />Geo Zone 2', 'MODULE_SHIPPING_MZMT_GEOZONE_2_ID', '', 'Enable this method for the following geo zone.', '6', '0', NULL, '2015-08-07 12:32:10', 'tep_get_zone_class_title', 'tep_cfg_pull_down_geozones(');
insert into configuration (configuration_id, configuration_title, configuration_key, configuration_value, configuration_description, configuration_group_id, sort_order, last_modified, date_added, use_function, set_function) values ('415', 'Geo Zone 2 Table Mode', 'MODULE_SHIPPING_MZMT_GEOZONE_2_MODE', 'weight', 'The shipping cost is based on the total weight, total price, or total count of the items ordered.', '6', '0', NULL, '2015-08-07 12:32:10', NULL, 'tep_cfg_select_option(array(\'weight\', \'price\', \'count\'), ');
insert into configuration (configuration_id, configuration_title, configuration_key, configuration_value, configuration_description, configuration_group_id, sort_order, last_modified, date_added, use_function, set_function) values ('416', 'Geo Zone 2 Table Icon', 'MODULE_SHIPPING_MZMT_GEOZONE_2_ICON', '', 'The icon of the shipping method. Leave blank if none.', '6', '0', NULL, '2015-08-07 12:32:10', NULL, NULL);
insert into configuration (configuration_id, configuration_title, configuration_key, configuration_value, configuration_description, configuration_group_id, sort_order, last_modified, date_added, use_function, set_function) values ('417', 'Geo Zone 2 Handling Fee', 'MODULE_SHIPPING_MZMT_GEOZONE_2_HANDLING', '0', 'Handling Fee for this geo zone.', '6', '0', NULL, '2015-08-07 12:32:10', NULL, NULL);
insert into configuration (configuration_id, configuration_title, configuration_key, configuration_value, configuration_description, configuration_group_id, sort_order, last_modified, date_added, use_function, set_function) values ('418', 'Geo Zone 2 Table Title in English', 'MODULE_SHIPPING_MZMT_GEOZONE_2_TEXT_TITLE_ENGLISH', '', 'The title of the shipping method in English.', '6', '0', NULL, '2015-08-07 12:32:10', NULL, NULL);
insert into configuration (configuration_id, configuration_title, configuration_key, configuration_value, configuration_description, configuration_group_id, sort_order, last_modified, date_added, use_function, set_function) values ('419', 'Geo Zone 2 Shipping Table 1', 'MODULE_SHIPPING_MZMT_GEOZONE_2_TABLE_1', '', 'Shipping table 1 for this geo zone', '6', '0', NULL, '2015-08-07 12:32:10', NULL, NULL);
insert into configuration (configuration_id, configuration_title, configuration_key, configuration_value, configuration_description, configuration_group_id, sort_order, last_modified, date_added, use_function, set_function) values ('420', 'Geo Zone 2 Shipping Table 1 Name', 'MODULE_SHIPPING_MZMT_GEOZONE_2_TABLE_1_TEXT_WAY_ENGLISH', '', 'Shipping table 1 name for this geo zone in English', '6', '0', NULL, '2015-08-07 12:32:10', NULL, NULL);
insert into configuration (configuration_id, configuration_title, configuration_key, configuration_value, configuration_description, configuration_group_id, sort_order, last_modified, date_added, use_function, set_function) values ('421', 'Geo Zone 2 Shipping Table 2', 'MODULE_SHIPPING_MZMT_GEOZONE_2_TABLE_2', '', 'Shipping table 2 for this geo zone', '6', '0', NULL, '2015-08-07 12:32:10', NULL, NULL);
insert into configuration (configuration_id, configuration_title, configuration_key, configuration_value, configuration_description, configuration_group_id, sort_order, last_modified, date_added, use_function, set_function) values ('422', 'Geo Zone 2 Shipping Table 2 Name', 'MODULE_SHIPPING_MZMT_GEOZONE_2_TABLE_2_TEXT_WAY_ENGLISH', '', 'Shipping table 2 name for this geo zone in English', '6', '0', NULL, '2015-08-07 12:32:10', NULL, NULL);
drop table if exists configuration_group;
create table configuration_group (
  configuration_group_id int(11) not null auto_increment,
  configuration_group_title varchar(64) not null ,
  configuration_group_description varchar(255) not null ,
  sort_order int(5) ,
  visible int(1) default '1' ,
  PRIMARY KEY (configuration_group_id)
);

insert into configuration_group (configuration_group_id, configuration_group_title, configuration_group_description, sort_order, visible) values ('1', 'My Store', 'General information about my store', '1', '1');
insert into configuration_group (configuration_group_id, configuration_group_title, configuration_group_description, sort_order, visible) values ('2', 'Minimum Values', 'The minimum values for functions / data', '2', '1');
insert into configuration_group (configuration_group_id, configuration_group_title, configuration_group_description, sort_order, visible) values ('3', 'Maximum Values', 'The maximum values for functions / data', '3', '1');
insert into configuration_group (configuration_group_id, configuration_group_title, configuration_group_description, sort_order, visible) values ('4', 'Images', 'Image parameters', '4', '1');
insert into configuration_group (configuration_group_id, configuration_group_title, configuration_group_description, sort_order, visible) values ('5', 'Customer Details', 'Customer account configuration', '5', '1');
insert into configuration_group (configuration_group_id, configuration_group_title, configuration_group_description, sort_order, visible) values ('6', 'Module Options', 'Hidden from configuration', '6', '0');
insert into configuration_group (configuration_group_id, configuration_group_title, configuration_group_description, sort_order, visible) values ('7', 'Shipping/Packaging', 'Shipping options available at my store', '7', '1');
insert into configuration_group (configuration_group_id, configuration_group_title, configuration_group_description, sort_order, visible) values ('8', 'Product Listing', 'Product Listing    configuration options', '8', '1');
insert into configuration_group (configuration_group_id, configuration_group_title, configuration_group_description, sort_order, visible) values ('9', 'Stock', 'Stock configuration options', '9', '1');
insert into configuration_group (configuration_group_id, configuration_group_title, configuration_group_description, sort_order, visible) values ('10', 'Logging', 'Logging configuration options', '10', '1');
insert into configuration_group (configuration_group_id, configuration_group_title, configuration_group_description, sort_order, visible) values ('11', 'Cache', 'Caching configuration options', '11', '1');
insert into configuration_group (configuration_group_id, configuration_group_title, configuration_group_description, sort_order, visible) values ('12', 'E-Mail Options', 'General setting for E-Mail transport and HTML E-Mails', '12', '1');
insert into configuration_group (configuration_group_id, configuration_group_title, configuration_group_description, sort_order, visible) values ('13', 'Download', 'Downloadable products options', '13', '1');
insert into configuration_group (configuration_group_id, configuration_group_title, configuration_group_description, sort_order, visible) values ('14', 'GZip Compression', 'GZip compression options', '14', '1');
insert into configuration_group (configuration_group_id, configuration_group_title, configuration_group_description, sort_order, visible) values ('15', 'Sessions', 'Session options', '15', '1');
insert into configuration_group (configuration_group_id, configuration_group_title, configuration_group_description, sort_order, visible) values ('16', 'Bootstrap Setup', 'Basic Bootstrap Options', '16', '1');
drop table if exists countries;
create table countries (
  countries_id int(11) not null auto_increment,
  countries_name varchar(255) not null ,
  countries_iso_code_2 char(2) not null ,
  countries_iso_code_3 char(3) not null ,
  address_format_id int(11) not null ,
  PRIMARY KEY (countries_id),
  KEY IDX_COUNTRIES_NAME (countries_name)
);

insert into countries (countries_id, countries_name, countries_iso_code_2, countries_iso_code_3, address_format_id) values ('196', 'Sri Lanka', 'LK', 'LKA', '1');
drop table if exists currencies;
create table currencies (
  currencies_id int(11) not null auto_increment,
  title varchar(32) not null ,
  code char(3) not null ,
  symbol_left varchar(12) ,
  symbol_right varchar(12) ,
  decimal_point char(1) ,
  thousands_point char(1) ,
  decimal_places char(1) ,
  value float(13,8) ,
  last_updated datetime ,
  PRIMARY KEY (currencies_id),
  KEY idx_currencies_code (code)
);

insert into currencies (currencies_id, title, code, symbol_left, symbol_right, decimal_point, thousands_point, decimal_places, value, last_updated) values ('1', 'U.S. Dollar', 'USD', '$', '', '.', ',', '2', '1.00000000', '2015-08-06 06:58:04');
insert into currencies (currencies_id, title, code, symbol_left, symbol_right, decimal_point, thousands_point, decimal_places, value, last_updated) values ('2', 'Euro', 'EUR', '', '', '.', ',', '2', '1.00000000', '2015-08-06 06:58:04');
drop table if exists customers;
create table customers (
  customers_id int(11) not null auto_increment,
  customers_gender char(1) ,
  customers_firstname varchar(255) not null ,
  customers_lastname varchar(255) not null ,
  customers_dob datetime default '0000-00-00 00:00:00' not null ,
  customers_email_address varchar(255) not null ,
  customers_default_address_id int(11) ,
  customers_telephone varchar(255) not null ,
  customers_fax varchar(255) ,
  customers_password varchar(60) not null ,
  customers_newsletter char(1) ,
  customers_guest int(1) default '0' not null ,
  PRIMARY KEY (customers_id),
  KEY idx_customers_email_address (customers_email_address)
);

insert into customers (customers_id, customers_gender, customers_firstname, customers_lastname, customers_dob, customers_email_address, customers_default_address_id, customers_telephone, customers_fax, customers_password, customers_newsletter, customers_guest) values ('18', NULL, 'sudhara', 'dananjaya', '0000-00-00 00:00:00', 'sudhara.dananjaya@gmail.com', '31', '0783815344', NULL, '$P$DrZlt1VC4zvCsj6t3R8Shj0io8x59i.', NULL, '1');
insert into customers (customers_id, customers_gender, customers_firstname, customers_lastname, customers_dob, customers_email_address, customers_default_address_id, customers_telephone, customers_fax, customers_password, customers_newsletter, customers_guest) values ('20', NULL, 'dfsdfsd', 'fsdfsdf', '0000-00-00 00:00:00', 'sdfsdfdsfds@sfdsf.vind', '33', '21345678', NULL, '$P$D4ru4TOHA6QIYzIhrgJjhWLSJHaXiB/', NULL, '1');
drop table if exists customers_basket;
create table customers_basket (
  customers_basket_id int(11) not null auto_increment,
  customers_id int(11) not null ,
  products_id tinytext not null ,
  customers_basket_quantity int(2) not null ,
  final_price decimal(15,4) ,
  customers_basket_date_added char(8) ,
  PRIMARY KEY (customers_basket_id),
  KEY idx_customers_basket_customers_id (customers_id)
);

insert into customers_basket (customers_basket_id, customers_id, products_id, customers_basket_quantity, final_price, customers_basket_date_added) values ('19', '18', '17', '1', NULL, '20150807');
insert into customers_basket (customers_basket_id, customers_id, products_id, customers_basket_quantity, final_price, customers_basket_date_added) values ('23', '20', '16', '1', NULL, '20150807');
drop table if exists customers_basket_attributes;
create table customers_basket_attributes (
  customers_basket_attributes_id int(11) not null auto_increment,
  customers_id int(11) not null ,
  products_id tinytext not null ,
  products_options_id int(11) not null ,
  products_options_value_id int(11) not null ,
  PRIMARY KEY (customers_basket_attributes_id),
  KEY idx_customers_basket_att_customers_id (customers_id)
);

drop table if exists customers_info;
create table customers_info (
  customers_info_id int(11) not null ,
  customers_info_date_of_last_logon datetime ,
  customers_info_number_of_logons int(5) ,
  customers_info_date_account_created datetime ,
  customers_info_date_account_last_modified datetime ,
  global_product_notifications int(1) default '0' ,
  password_reset_key char(40) ,
  password_reset_date datetime ,
  PRIMARY KEY (customers_info_id)
);

insert into customers_info (customers_info_id, customers_info_date_of_last_logon, customers_info_number_of_logons, customers_info_date_account_created, customers_info_date_account_last_modified, global_product_notifications, password_reset_key, password_reset_date) values ('18', NULL, '0', '2015-08-07 09:41:23', NULL, '0', NULL, NULL);
insert into customers_info (customers_info_id, customers_info_date_of_last_logon, customers_info_number_of_logons, customers_info_date_account_created, customers_info_date_account_last_modified, global_product_notifications, password_reset_key, password_reset_date) values ('20', NULL, '0', '2015-08-07 12:10:41', NULL, '0', NULL, NULL);
drop table if exists geo_zones;
create table geo_zones (
  geo_zone_id int(11) not null auto_increment,
  geo_zone_name varchar(32) not null ,
  geo_zone_description varchar(255) not null ,
  last_modified datetime ,
  date_added datetime not null ,
  PRIMARY KEY (geo_zone_id)
);

insert into geo_zones (geo_zone_id, geo_zone_name, geo_zone_description, last_modified, date_added) values ('2', 'shp: free', 'shipping zone', '2015-08-07 12:32:37', '2015-08-07 12:19:54');
drop table if exists languages;
create table languages (
  languages_id int(11) not null auto_increment,
  name varchar(32) not null ,
  code char(2) not null ,
  image varchar(64) ,
  directory varchar(32) ,
  sort_order int(3) ,
  PRIMARY KEY (languages_id),
  KEY IDX_LANGUAGES_NAME (name)
);

insert into languages (languages_id, name, code, image, directory, sort_order) values ('1', 'English', 'en', 'icon.gif', 'english', '1');
drop table if exists manufacturers;
create table manufacturers (
  manufacturers_id int(11) not null auto_increment,
  manufacturers_name varchar(32) not null ,
  manufacturers_image varchar(64) ,
  date_added datetime ,
  last_modified datetime ,
  PRIMARY KEY (manufacturers_id),
  KEY IDX_MANUFACTURERS_NAME (manufacturers_name)
);

insert into manufacturers (manufacturers_id, manufacturers_name, manufacturers_image, date_added, last_modified) values ('1', 'Matrox', 'manufacturer_matrox.gif', '2015-08-06 06:58:04', NULL);
insert into manufacturers (manufacturers_id, manufacturers_name, manufacturers_image, date_added, last_modified) values ('2', 'Microsoft', 'manufacturer_microsoft.gif', '2015-08-06 06:58:04', NULL);
insert into manufacturers (manufacturers_id, manufacturers_name, manufacturers_image, date_added, last_modified) values ('3', 'Warner', 'manufacturer_warner.gif', '2015-08-06 06:58:04', NULL);
insert into manufacturers (manufacturers_id, manufacturers_name, manufacturers_image, date_added, last_modified) values ('4', 'Fox', 'manufacturer_fox.gif', '2015-08-06 06:58:04', NULL);
insert into manufacturers (manufacturers_id, manufacturers_name, manufacturers_image, date_added, last_modified) values ('5', 'Logitech', 'manufacturer_logitech.gif', '2015-08-06 06:58:04', NULL);
insert into manufacturers (manufacturers_id, manufacturers_name, manufacturers_image, date_added, last_modified) values ('6', 'Canon', 'manufacturer_canon.gif', '2015-08-06 06:58:04', NULL);
insert into manufacturers (manufacturers_id, manufacturers_name, manufacturers_image, date_added, last_modified) values ('7', 'Sierra', 'manufacturer_sierra.gif', '2015-08-06 06:58:04', NULL);
insert into manufacturers (manufacturers_id, manufacturers_name, manufacturers_image, date_added, last_modified) values ('8', 'GT Interactive', 'manufacturer_gt_interactive.gif', '2015-08-06 06:58:04', NULL);
insert into manufacturers (manufacturers_id, manufacturers_name, manufacturers_image, date_added, last_modified) values ('9', 'Hewlett Packard', 'manufacturer_hewlett_packard.gif', '2015-08-06 06:58:04', NULL);
insert into manufacturers (manufacturers_id, manufacturers_name, manufacturers_image, date_added, last_modified) values ('10', 'Samsung', 'manufacturer_samsung.png', '2015-08-06 06:58:04', NULL);
drop table if exists manufacturers_info;
create table manufacturers_info (
  manufacturers_id int(11) not null ,
  languages_id int(11) not null ,
  manufacturers_url varchar(255) not null ,
  url_clicked int(5) default '0' not null ,
  date_last_click datetime ,
  PRIMARY KEY (manufacturers_id, languages_id)
);

insert into manufacturers_info (manufacturers_id, languages_id, manufacturers_url, url_clicked, date_last_click) values ('1', '1', 'http://www.matrox.com', '0', NULL);
insert into manufacturers_info (manufacturers_id, languages_id, manufacturers_url, url_clicked, date_last_click) values ('2', '1', 'http://www.microsoft.com', '0', NULL);
insert into manufacturers_info (manufacturers_id, languages_id, manufacturers_url, url_clicked, date_last_click) values ('3', '1', 'http://www.warner.com', '0', NULL);
insert into manufacturers_info (manufacturers_id, languages_id, manufacturers_url, url_clicked, date_last_click) values ('4', '1', 'http://www.fox.com', '0', NULL);
insert into manufacturers_info (manufacturers_id, languages_id, manufacturers_url, url_clicked, date_last_click) values ('5', '1', 'http://www.logitech.com', '0', NULL);
insert into manufacturers_info (manufacturers_id, languages_id, manufacturers_url, url_clicked, date_last_click) values ('6', '1', 'http://www.canon.com', '0', NULL);
insert into manufacturers_info (manufacturers_id, languages_id, manufacturers_url, url_clicked, date_last_click) values ('7', '1', 'http://www.sierra.com', '0', NULL);
insert into manufacturers_info (manufacturers_id, languages_id, manufacturers_url, url_clicked, date_last_click) values ('8', '1', 'http://www.infogrames.com', '0', NULL);
insert into manufacturers_info (manufacturers_id, languages_id, manufacturers_url, url_clicked, date_last_click) values ('9', '1', 'http://www.hewlettpackard.com', '0', NULL);
insert into manufacturers_info (manufacturers_id, languages_id, manufacturers_url, url_clicked, date_last_click) values ('10', '1', 'http://www.samsung.com', '0', NULL);
drop table if exists newsletters;
create table newsletters (
  newsletters_id int(11) not null auto_increment,
  title varchar(255) not null ,
  content text not null ,
  module varchar(255) not null ,
  date_added datetime not null ,
  date_sent datetime ,
  status int(1) ,
  locked int(1) default '0' ,
  PRIMARY KEY (newsletters_id)
);

drop table if exists orders;
create table orders (
  orders_id int(11) not null auto_increment,
  customers_id int(11) not null ,
  customers_name varchar(255) not null ,
  customers_company varchar(255) ,
  customers_street_address varchar(255) not null ,
  customers_suburb varchar(255) ,
  customers_city varchar(255) not null ,
  customers_postcode varchar(255) not null ,
  customers_state varchar(255) ,
  customers_country varchar(255) not null ,
  customers_telephone varchar(255) not null ,
  customers_email_address varchar(255) not null ,
  customers_address_format_id int(5) not null ,
  customers_guest int(1) default '0' not null ,
  delivery_name varchar(255) not null ,
  delivery_company varchar(255) ,
  delivery_street_address varchar(255) not null ,
  delivery_suburb varchar(255) ,
  delivery_city varchar(255) not null ,
  delivery_postcode varchar(255) not null ,
  delivery_state varchar(255) ,
  delivery_country varchar(255) not null ,
  delivery_address_format_id int(5) not null ,
  billing_name varchar(255) not null ,
  billing_company varchar(255) ,
  billing_street_address varchar(255) not null ,
  billing_suburb varchar(255) ,
  billing_city varchar(255) not null ,
  billing_postcode varchar(255) not null ,
  billing_state varchar(255) ,
  billing_country varchar(255) not null ,
  billing_address_format_id int(5) not null ,
  payment_method varchar(255) not null ,
  cc_type varchar(20) ,
  cc_owner varchar(255) ,
  cc_number varchar(32) ,
  cc_expires varchar(4) ,
  last_modified datetime ,
  date_purchased datetime ,
  orders_status int(5) not null ,
  orders_date_finished datetime ,
  currency char(3) ,
  currency_value decimal(14,6) ,
  PRIMARY KEY (orders_id),
  KEY idx_orders_customers_id (customers_id)
);

insert into orders (orders_id, customers_id, customers_name, customers_company, customers_street_address, customers_suburb, customers_city, customers_postcode, customers_state, customers_country, customers_telephone, customers_email_address, customers_address_format_id, customers_guest, delivery_name, delivery_company, delivery_street_address, delivery_suburb, delivery_city, delivery_postcode, delivery_state, delivery_country, delivery_address_format_id, billing_name, billing_company, billing_street_address, billing_suburb, billing_city, billing_postcode, billing_state, billing_country, billing_address_format_id, payment_method, cc_type, cc_owner, cc_number, cc_expires, last_modified, date_purchased, orders_status, orders_date_finished, currency, currency_value) values ('1', '1', 'sudhara dananjaya', 'ddd', '584/B narangodapaluwa', 'batuwatta', 'batuwatta', '11011', 'western', 'Sri Lanka', '0783815344', 'sudhara.dananjaya@gmail.com', '1', '1', 'sugg dananjaya', 'ddd', '584/B narangodapaluwa', 'batuwatta', 'batuwatta', '11011', 'western', 'Sri Lanka', '1', 'sudhara dananjaya', 'ddd', '584/B narangodapaluwa', 'batuwatta', 'batuwatta', '11011', 'western', 'Sri Lanka', '1', 'Cash on Delivery', '', '', '', '', NULL, '2015-08-06 09:39:30', '1', NULL, 'USD', '1.000000');
insert into orders (orders_id, customers_id, customers_name, customers_company, customers_street_address, customers_suburb, customers_city, customers_postcode, customers_state, customers_country, customers_telephone, customers_email_address, customers_address_format_id, customers_guest, delivery_name, delivery_company, delivery_street_address, delivery_suburb, delivery_city, delivery_postcode, delivery_state, delivery_country, delivery_address_format_id, billing_name, billing_company, billing_street_address, billing_suburb, billing_city, billing_postcode, billing_state, billing_country, billing_address_format_id, payment_method, cc_type, cc_owner, cc_number, cc_expires, last_modified, date_purchased, orders_status, orders_date_finished, currency, currency_value) values ('2', '3', 'sudhara dananjaya', 'ddd', '584/B narangodapaluwa', 'batuwatta', 'batuwatta', '11011', 'western', 'Sri Lanka', '0783815344', 'sudhara.dananjaya@gmail.com', '1', '1', 'sudhara dananjaya', 'ddd', '584/B narangodapaluwa', 'batuwatta', 'batuwatta', '11011', 'western', 'Sri Lanka', '1', 'sudhara dananjaya', 'ddd', '584/B narangodapaluwa', 'batuwatta', 'batuwatta', '11011', 'western', 'Sri Lanka', '1', 'Cash on Delivery', '', '', '', '', NULL, '2015-08-06 09:56:00', '1', NULL, 'USD', '1.000000');
insert into orders (orders_id, customers_id, customers_name, customers_company, customers_street_address, customers_suburb, customers_city, customers_postcode, customers_state, customers_country, customers_telephone, customers_email_address, customers_address_format_id, customers_guest, delivery_name, delivery_company, delivery_street_address, delivery_suburb, delivery_city, delivery_postcode, delivery_state, delivery_country, delivery_address_format_id, billing_name, billing_company, billing_street_address, billing_suburb, billing_city, billing_postcode, billing_state, billing_country, billing_address_format_id, payment_method, cc_type, cc_owner, cc_number, cc_expires, last_modified, date_purchased, orders_status, orders_date_finished, currency, currency_value) values ('3', '4', 'sudhara dananjaya', 'ddd', '584/B narangodapaluwa', 'batuwatta', 'batuwatta', '11011', 'western', 'Sri Lanka', '0783815344', 'sudhara.dananjaya@gmail.com', '1', '1', 'sudhara dananjaya', 'ddd', '584/B narangodapaluwa', 'batuwatta', 'batuwatta', '11011', 'western', 'Sri Lanka', '1', 'sudhara dananjaya', 'ddd', '584/B narangodapaluwa', 'batuwatta', 'batuwatta', '11011', 'western', 'Sri Lanka', '1', 'Cash on Delivery', '', '', '', '', NULL, '2015-08-06 10:02:31', '1', NULL, 'USD', '1.000000');
insert into orders (orders_id, customers_id, customers_name, customers_company, customers_street_address, customers_suburb, customers_city, customers_postcode, customers_state, customers_country, customers_telephone, customers_email_address, customers_address_format_id, customers_guest, delivery_name, delivery_company, delivery_street_address, delivery_suburb, delivery_city, delivery_postcode, delivery_state, delivery_country, delivery_address_format_id, billing_name, billing_company, billing_street_address, billing_suburb, billing_city, billing_postcode, billing_state, billing_country, billing_address_format_id, payment_method, cc_type, cc_owner, cc_number, cc_expires, last_modified, date_purchased, orders_status, orders_date_finished, currency, currency_value) values ('4', '6', 'sudhara dananjaya', 'ddd', '584/B narangodapaluwa', 'batuwatta', 'batuwatta', '11011', 'western', 'Sri Lanka', '0783815344', 'sudhara.dananjaya@gmail.com', '1', '1', 'sugg dananjaya', 'ddd', '584/B narangodapaluwa', 'batuwatta', 'batuwatta', '11011', 'western', 'Sri Lanka', '1', 'sudhara dananjaya', 'ddd', '584/B narangodapaluwa', 'batuwatta', 'batuwatta', '11011', 'western', 'Sri Lanka', '1', 'Cash on Delivery', '', '', '', '', NULL, '2015-08-06 10:07:05', '1', NULL, 'USD', '1.000000');
insert into orders (orders_id, customers_id, customers_name, customers_company, customers_street_address, customers_suburb, customers_city, customers_postcode, customers_state, customers_country, customers_telephone, customers_email_address, customers_address_format_id, customers_guest, delivery_name, delivery_company, delivery_street_address, delivery_suburb, delivery_city, delivery_postcode, delivery_state, delivery_country, delivery_address_format_id, billing_name, billing_company, billing_street_address, billing_suburb, billing_city, billing_postcode, billing_state, billing_country, billing_address_format_id, payment_method, cc_type, cc_owner, cc_number, cc_expires, last_modified, date_purchased, orders_status, orders_date_finished, currency, currency_value) values ('5', '7', 'sudhara dananjaya', 'ddd', '584/B narangodapaluwa', 'batuwatta', 'batuwatta', '11011', 'western', 'Sri Lanka', '0783815344', 'sudhara.dananjaya@gmail.com', '1', '1', 'sugg dananjaya', 'ddd', '584/B narangodapaluwa', 'batuwatta', 'batuwatta', '11011', 'western', 'Sri Lanka', '1', 'sudhara dananjaya', 'ddd', '584/B narangodapaluwa', 'batuwatta', 'batuwatta', '11011', 'western', 'Sri Lanka', '1', 'Cash on Delivery', '', '', '', '', NULL, '2015-08-06 10:08:51', '1', NULL, 'USD', '1.000000');
insert into orders (orders_id, customers_id, customers_name, customers_company, customers_street_address, customers_suburb, customers_city, customers_postcode, customers_state, customers_country, customers_telephone, customers_email_address, customers_address_format_id, customers_guest, delivery_name, delivery_company, delivery_street_address, delivery_suburb, delivery_city, delivery_postcode, delivery_state, delivery_country, delivery_address_format_id, billing_name, billing_company, billing_street_address, billing_suburb, billing_city, billing_postcode, billing_state, billing_country, billing_address_format_id, payment_method, cc_type, cc_owner, cc_number, cc_expires, last_modified, date_purchased, orders_status, orders_date_finished, currency, currency_value) values ('6', '8', 'sudhara dananjaya', '', '584/B narangodapaluwa', '', '', '', 'western', 'Sri Lanka', '0783815344', 'sudhara.dananjaya@gmail.com', '1', '1', 'sugg dananjaya', 'ddd', '584/B narangodapaluwa', 'batuwatta', 'batuwatta', '11011', 'western', 'Sri Lanka', '1', 'sudhara dananjaya', '', '584/B narangodapaluwa', '', '', '', 'western', 'Sri Lanka', '1', 'Cash on Delivery', '', '', '', '', NULL, '2015-08-06 10:25:13', '1', NULL, 'USD', '1.000000');
insert into orders (orders_id, customers_id, customers_name, customers_company, customers_street_address, customers_suburb, customers_city, customers_postcode, customers_state, customers_country, customers_telephone, customers_email_address, customers_address_format_id, customers_guest, delivery_name, delivery_company, delivery_street_address, delivery_suburb, delivery_city, delivery_postcode, delivery_state, delivery_country, delivery_address_format_id, billing_name, billing_company, billing_street_address, billing_suburb, billing_city, billing_postcode, billing_state, billing_country, billing_address_format_id, payment_method, cc_type, cc_owner, cc_number, cc_expires, last_modified, date_purchased, orders_status, orders_date_finished, currency, currency_value) values ('7', '9', 'sudhara dananjaya', '', '', '', '', '', 'western', 'Sri Lanka', '0783815344', 'sudhara.dananjaya@gmail.com', '1', '1', 'sugg dananjaya', 'ddd', '584/B narangodapaluwa', 'batuwatta', 'batuwatta', '11011', 'western', 'Sri Lanka', '1', 'sudhara dananjaya', '', '', '', '', '', 'western', 'Sri Lanka', '1', 'Cash on Delivery', '', '', '', '', NULL, '2015-08-06 10:38:28', '1', NULL, 'USD', '1.000000');
insert into orders (orders_id, customers_id, customers_name, customers_company, customers_street_address, customers_suburb, customers_city, customers_postcode, customers_state, customers_country, customers_telephone, customers_email_address, customers_address_format_id, customers_guest, delivery_name, delivery_company, delivery_street_address, delivery_suburb, delivery_city, delivery_postcode, delivery_state, delivery_country, delivery_address_format_id, billing_name, billing_company, billing_street_address, billing_suburb, billing_city, billing_postcode, billing_state, billing_country, billing_address_format_id, payment_method, cc_type, cc_owner, cc_number, cc_expires, last_modified, date_purchased, orders_status, orders_date_finished, currency, currency_value) values ('8', '10', 'sudhara dananjaya', '', '', '', '', '', '', 'Sri Lanka', '0783815344', 'sudhara.dananjaya@gmail.com', '1', '1', 'sugg dananjaya', 'ddd', '584/B narangodapaluwa', 'asd', 'batuwatta', '', 'western', 'Sri Lanka', '1', 'sudhara dananjaya', '', '', '', '', '', '', 'Sri Lanka', '1', 'Cash on Delivery', '', '', '', '', NULL, '2015-08-06 11:42:51', '1', NULL, 'USD', '1.000000');
insert into orders (orders_id, customers_id, customers_name, customers_company, customers_street_address, customers_suburb, customers_city, customers_postcode, customers_state, customers_country, customers_telephone, customers_email_address, customers_address_format_id, customers_guest, delivery_name, delivery_company, delivery_street_address, delivery_suburb, delivery_city, delivery_postcode, delivery_state, delivery_country, delivery_address_format_id, billing_name, billing_company, billing_street_address, billing_suburb, billing_city, billing_postcode, billing_state, billing_country, billing_address_format_id, payment_method, cc_type, cc_owner, cc_number, cc_expires, last_modified, date_purchased, orders_status, orders_date_finished, currency, currency_value) values ('9', '11', 'sudhara dananjaya', '', '', '', '', '', '', 'Sri Lanka', '0783815344', 'sudhara.dananjaya@gmail.com', '1', '1', 'sudddd dananjaya', 'ddd', '584/B narangodapaluwa', 'asd', 'batuwatta', '', 'western', 'Sri Lanka', '1', 'sudhara dananjaya', '', '', '', '', '', '', 'Sri Lanka', '1', 'Cash on Delivery', '', '', '', '', NULL, '2015-08-06 11:55:37', '1', NULL, 'USD', '1.000000');
insert into orders (orders_id, customers_id, customers_name, customers_company, customers_street_address, customers_suburb, customers_city, customers_postcode, customers_state, customers_country, customers_telephone, customers_email_address, customers_address_format_id, customers_guest, delivery_name, delivery_company, delivery_street_address, delivery_suburb, delivery_city, delivery_postcode, delivery_state, delivery_country, delivery_address_format_id, billing_name, billing_company, billing_street_address, billing_suburb, billing_city, billing_postcode, billing_state, billing_country, billing_address_format_id, payment_method, cc_type, cc_owner, cc_number, cc_expires, last_modified, date_purchased, orders_status, orders_date_finished, currency, currency_value) values ('10', '12', 'sudhara dananjaya', '', '', '', '', '', '', 'Sri Lanka', '0783815344', 'sudhara.dananjaya@gmail.com', '1', '1', 'sudhara dananjaya', 'ddd', '584/B narangodapaluwa', 'asd', 'batuwatta', '', 'western', 'Sri Lanka', '1', 'sudhara dananjaya', '', '', '', '', '', '', 'Sri Lanka', '1', 'Cash on Delivery', '', '', '', '', NULL, '2015-08-06 12:44:05', '1', NULL, 'USD', '1.000000');
insert into orders (orders_id, customers_id, customers_name, customers_company, customers_street_address, customers_suburb, customers_city, customers_postcode, customers_state, customers_country, customers_telephone, customers_email_address, customers_address_format_id, customers_guest, delivery_name, delivery_company, delivery_street_address, delivery_suburb, delivery_city, delivery_postcode, delivery_state, delivery_country, delivery_address_format_id, billing_name, billing_company, billing_street_address, billing_suburb, billing_city, billing_postcode, billing_state, billing_country, billing_address_format_id, payment_method, cc_type, cc_owner, cc_number, cc_expires, last_modified, date_purchased, orders_status, orders_date_finished, currency, currency_value) values ('11', '13', 'sudhara dananjaya', '', '', '', '', '', '', 'Sri Lanka', '0783815344', 'sudhara.dananjaya@gmail.com', '1', '1', 'sudddd dananjaya', 'ddd', '584/B narangodapaluwa', 'asd', 'batuwatta', '', 'Utah', 'United States', '2', 'sudhara dananjaya', '', '', '', '', '', '', 'Sri Lanka', '1', 'Cash on Delivery', '', '', '', '', NULL, '2015-08-06 12:54:08', '1', NULL, 'USD', '1.000000');
insert into orders (orders_id, customers_id, customers_name, customers_company, customers_street_address, customers_suburb, customers_city, customers_postcode, customers_state, customers_country, customers_telephone, customers_email_address, customers_address_format_id, customers_guest, delivery_name, delivery_company, delivery_street_address, delivery_suburb, delivery_city, delivery_postcode, delivery_state, delivery_country, delivery_address_format_id, billing_name, billing_company, billing_street_address, billing_suburb, billing_city, billing_postcode, billing_state, billing_country, billing_address_format_id, payment_method, cc_type, cc_owner, cc_number, cc_expires, last_modified, date_purchased, orders_status, orders_date_finished, currency, currency_value) values ('12', '14', 'sudhara dananjaya', '', '', '', '', '', '', 'Sri Lanka', '0783815344', 'sudhara.dananjaya@gmail.com', '1', '1', 'sudddd dananjaya', 'ddd', '584/B narangodapaluwa', 'asd', 'batuwatta', '', 'Texas', 'United States', '2', 'sudhara dananjaya', '', '', '', '', '', '', 'Sri Lanka', '1', 'Cash on Delivery', '', '', '', '', NULL, '2015-08-06 12:55:26', '1', NULL, 'USD', '1.000000');
insert into orders (orders_id, customers_id, customers_name, customers_company, customers_street_address, customers_suburb, customers_city, customers_postcode, customers_state, customers_country, customers_telephone, customers_email_address, customers_address_format_id, customers_guest, delivery_name, delivery_company, delivery_street_address, delivery_suburb, delivery_city, delivery_postcode, delivery_state, delivery_country, delivery_address_format_id, billing_name, billing_company, billing_street_address, billing_suburb, billing_city, billing_postcode, billing_state, billing_country, billing_address_format_id, payment_method, cc_type, cc_owner, cc_number, cc_expires, last_modified, date_purchased, orders_status, orders_date_finished, currency, currency_value) values ('13', '15', 'sudhara dananjaya', '', '', '', '', '', '', 'Sri Lanka', '0783815344', 'sudhara.dananjaya@gmail.com', '1', '1', 'sugg dananjaya', 'ddd', '584/B narangodapaluwa', 'asd', 'batuwatta', '', 'Alaska', 'United States', '2', 'sudhara dananjaya', '', '', '', '', '', '', 'Sri Lanka', '1', 'Cash on Delivery', '', '', '', '', NULL, '2015-08-06 21:56:54', '1', NULL, 'USD', '1.000000');
insert into orders (orders_id, customers_id, customers_name, customers_company, customers_street_address, customers_suburb, customers_city, customers_postcode, customers_state, customers_country, customers_telephone, customers_email_address, customers_address_format_id, customers_guest, delivery_name, delivery_company, delivery_street_address, delivery_suburb, delivery_city, delivery_postcode, delivery_state, delivery_country, delivery_address_format_id, billing_name, billing_company, billing_street_address, billing_suburb, billing_city, billing_postcode, billing_state, billing_country, billing_address_format_id, payment_method, cc_type, cc_owner, cc_number, cc_expires, last_modified, date_purchased, orders_status, orders_date_finished, currency, currency_value) values ('14', '16', 'sugg dananjaya', '', '', '', '', '', '', 'Sri Lanka', '0783815344', 'sudhara.dananjaya@gmail.com', '1', '1', 'sudhara dananjaya', 'ddd', '584/B narangodapaluwa', 'asd', 'batuwatta', '', 'Missouri', 'United States', '2', 'sugg dananjaya', '', '', '', '', '', '', 'Sri Lanka', '1', 'Cash on Delivery', '', '', '', '', NULL, '2015-08-07 05:39:02', '1', NULL, 'USD', '1.000000');
insert into orders (orders_id, customers_id, customers_name, customers_company, customers_street_address, customers_suburb, customers_city, customers_postcode, customers_state, customers_country, customers_telephone, customers_email_address, customers_address_format_id, customers_guest, delivery_name, delivery_company, delivery_street_address, delivery_suburb, delivery_city, delivery_postcode, delivery_state, delivery_country, delivery_address_format_id, billing_name, billing_company, billing_street_address, billing_suburb, billing_city, billing_postcode, billing_state, billing_country, billing_address_format_id, payment_method, cc_type, cc_owner, cc_number, cc_expires, last_modified, date_purchased, orders_status, orders_date_finished, currency, currency_value) values ('15', '17', 'dinessh eranga', '', '', '', '', '', '', 'Sri Lanka', '0715361303', 'eranga@ezyavantus.com', '1', '1', 'First Name Last Name', 'Company Name', 'Street Address', 'Address Line 2', 'city', '', 'Arizona', 'United States', '2', 'dinessh eranga', '', '', '', '', '', '', 'Sri Lanka', '1', 'Cash on Delivery', '', '', '', '', NULL, '2015-08-07 07:28:51', '1', NULL, 'USD', '1.000000');
insert into orders (orders_id, customers_id, customers_name, customers_company, customers_street_address, customers_suburb, customers_city, customers_postcode, customers_state, customers_country, customers_telephone, customers_email_address, customers_address_format_id, customers_guest, delivery_name, delivery_company, delivery_street_address, delivery_suburb, delivery_city, delivery_postcode, delivery_state, delivery_country, delivery_address_format_id, billing_name, billing_company, billing_street_address, billing_suburb, billing_city, billing_postcode, billing_state, billing_country, billing_address_format_id, payment_method, cc_type, cc_owner, cc_number, cc_expires, last_modified, date_purchased, orders_status, orders_date_finished, currency, currency_value) values ('16', '19', 'Nishara Dewika', '', '', '', '', '', '', 'Sri Lanka', '0112619252', 'nishara70@yahoo.com', '1', '1', 'Nishara Dewika', '', '', '', '', '', '', 'Sri Lanka', '1', 'Nishara Dewika', '', '', '', '', '', '', 'Sri Lanka', '1', 'Cash on Delivery', '', '', '', '', NULL, '2015-08-07 10:05:13', '1', NULL, 'USD', '1.000000');
drop table if exists orders_products;
create table orders_products (
  orders_products_id int(11) not null auto_increment,
  orders_id int(11) not null ,
  products_id int(11) not null ,
  products_model varchar(64) ,
  products_name varchar(64) not null ,
  products_price decimal(15,4) not null ,
  final_price decimal(15,4) not null ,
  products_tax decimal(7,4) not null ,
  products_quantity int(2) not null ,
  PRIMARY KEY (orders_products_id),
  KEY idx_orders_products_orders_id (orders_id),
  KEY idx_orders_products_products_id (products_id)
);

insert into orders_products (orders_products_id, orders_id, products_id, products_model, products_name, products_price, final_price, products_tax, products_quantity) values ('1', '1', '1', 'MG200MMS', 'Matrox G200 MMS', '299.9900', '299.9900', '0.0000', '1');
insert into orders_products (orders_products_id, orders_id, products_id, products_model, products_name, products_price, final_price, products_tax, products_quantity) values ('2', '2', '1', 'MG200MMS', 'Matrox G200 MMS', '299.9900', '299.9900', '0.0000', '1');
insert into orders_products (orders_products_id, orders_id, products_id, products_model, products_name, products_price, final_price, products_tax, products_quantity) values ('3', '3', '1', 'MG200MMS', 'Matrox G200 MMS', '299.9900', '299.9900', '0.0000', '1');
insert into orders_products (orders_products_id, orders_id, products_id, products_model, products_name, products_price, final_price, products_tax, products_quantity) values ('4', '4', '1', 'MG200MMS', 'Matrox G200 MMS', '299.9900', '299.9900', '0.0000', '1');
insert into orders_products (orders_products_id, orders_id, products_id, products_model, products_name, products_price, final_price, products_tax, products_quantity) values ('5', '5', '17', 'DVD-SPEED', 'Speed', '39.9900', '39.9900', '0.0000', '1');
insert into orders_products (orders_products_id, orders_id, products_id, products_model, products_name, products_price, final_price, products_tax, products_quantity) values ('6', '6', '16', 'DVD-CUFI', 'Courage Under Fire', '29.9900', '29.9900', '0.0000', '1');
insert into orders_products (orders_products_id, orders_id, products_id, products_model, products_name, products_price, final_price, products_tax, products_quantity) values ('7', '7', '20', 'DVD-BELOVED', 'Beloved', '54.9900', '54.9900', '0.0000', '1');
insert into orders_products (orders_products_id, orders_id, products_id, products_model, products_name, products_price, final_price, products_tax, products_quantity) values ('8', '8', '18', 'DVD-SPEED2', 'Speed 2: Cruise Control', '42.0000', '42.0000', '0.0000', '1');
insert into orders_products (orders_products_id, orders_id, products_id, products_model, products_name, products_price, final_price, products_tax, products_quantity) values ('9', '9', '21', 'PC-SWAT3', 'SWAT 3: Close Quarters Battle', '79.9900', '79.9900', '0.0000', '1');
insert into orders_products (orders_products_id, orders_id, products_id, products_model, products_name, products_price, final_price, products_tax, products_quantity) values ('10', '9', '23', 'PC-TWOF', 'The Wheel Of Time', '99.9900', '99.9900', '0.0000', '1');
insert into orders_products (orders_products_id, orders_id, products_id, products_model, products_name, products_price, final_price, products_tax, products_quantity) values ('11', '10', '20', 'DVD-BELOVED', 'Beloved', '54.9900', '54.9900', '0.0000', '1');
insert into orders_products (orders_products_id, orders_id, products_id, products_model, products_name, products_price, final_price, products_tax, products_quantity) values ('12', '11', '25', 'MSINTKB', 'Microsoft Internet Keyboard PS/2', '69.9900', '69.9900', '0.0000', '1');
insert into orders_products (orders_products_id, orders_id, products_id, products_model, products_name, products_price, final_price, products_tax, products_quantity) values ('13', '12', '26', 'MSIMEXP', 'Microsoft IntelliMouse Explorer', '64.9500', '64.9500', '0.0000', '1');
insert into orders_products (orders_products_id, orders_id, products_id, products_model, products_name, products_price, final_price, products_tax, products_quantity) values ('14', '13', '21', 'PC-SWAT3', 'SWAT 3: Close Quarters Battle', '79.9900', '79.9900', '0.0000', '1');
insert into orders_products (orders_products_id, orders_id, products_id, products_model, products_name, products_price, final_price, products_tax, products_quantity) values ('15', '14', '16', 'DVD-CUFI', 'Courage Under Fire', '29.9900', '29.9900', '0.0000', '1');
insert into orders_products (orders_products_id, orders_id, products_id, products_model, products_name, products_price, final_price, products_tax, products_quantity) values ('16', '15', '19', 'DVD-TSAB', 'There\'s Something About Mary', '49.9900', '49.9900', '0.0000', '1');
insert into orders_products (orders_products_id, orders_id, products_id, products_model, products_name, products_price, final_price, products_tax, products_quantity) values ('17', '16', '26', 'MSIMEXP', 'Microsoft IntelliMouse Explorer', '64.9500', '64.9500', '0.0000', '1');
drop table if exists orders_products_attributes;
create table orders_products_attributes (
  orders_products_attributes_id int(11) not null auto_increment,
  orders_id int(11) not null ,
  orders_products_id int(11) not null ,
  products_options varchar(32) not null ,
  products_options_values varchar(32) not null ,
  options_values_price decimal(15,4) not null ,
  price_prefix char(1) not null ,
  PRIMARY KEY (orders_products_attributes_id),
  KEY idx_orders_products_att_orders_id (orders_id)
);

insert into orders_products_attributes (orders_products_attributes_id, orders_id, orders_products_id, products_options, products_options_values, options_values_price, price_prefix) values ('1', '1', '1', 'Memory', '4 mb', '0.0000', '+');
insert into orders_products_attributes (orders_products_attributes_id, orders_id, orders_products_id, products_options, products_options_values, options_values_price, price_prefix) values ('2', '1', '1', 'Model', 'Value', '0.0000', '+');
insert into orders_products_attributes (orders_products_attributes_id, orders_id, orders_products_id, products_options, products_options_values, options_values_price, price_prefix) values ('3', '2', '2', 'Memory', '4 mb', '0.0000', '+');
insert into orders_products_attributes (orders_products_attributes_id, orders_id, orders_products_id, products_options, products_options_values, options_values_price, price_prefix) values ('4', '2', '2', 'Model', 'Value', '0.0000', '+');
insert into orders_products_attributes (orders_products_attributes_id, orders_id, orders_products_id, products_options, products_options_values, options_values_price, price_prefix) values ('5', '3', '3', 'Memory', '4 mb', '0.0000', '+');
insert into orders_products_attributes (orders_products_attributes_id, orders_id, orders_products_id, products_options, products_options_values, options_values_price, price_prefix) values ('6', '3', '3', 'Model', 'Value', '0.0000', '+');
insert into orders_products_attributes (orders_products_attributes_id, orders_id, orders_products_id, products_options, products_options_values, options_values_price, price_prefix) values ('7', '4', '4', 'Memory', '4 mb', '0.0000', '+');
insert into orders_products_attributes (orders_products_attributes_id, orders_id, orders_products_id, products_options, products_options_values, options_values_price, price_prefix) values ('8', '4', '4', 'Model', 'Value', '0.0000', '+');
insert into orders_products_attributes (orders_products_attributes_id, orders_id, orders_products_id, products_options, products_options_values, options_values_price, price_prefix) values ('9', '12', '13', 'Model', 'PS/2', '0.0000', '+');
insert into orders_products_attributes (orders_products_attributes_id, orders_id, orders_products_id, products_options, products_options_values, options_values_price, price_prefix) values ('10', '16', '17', 'Model', 'PS/2', '0.0000', '+');
drop table if exists orders_products_download;
create table orders_products_download (
  orders_products_download_id int(11) not null auto_increment,
  orders_id int(11) default '0' not null ,
  orders_products_id int(11) default '0' not null ,
  orders_products_filename varchar(255) not null ,
  download_maxdays int(2) default '0' not null ,
  download_count int(2) default '0' not null ,
  PRIMARY KEY (orders_products_download_id),
  KEY idx_orders_products_download_orders_id (orders_id)
);

drop table if exists orders_status;
create table orders_status (
  orders_status_id int(11) default '0' not null ,
  language_id int(11) default '1' not null ,
  orders_status_name varchar(32) not null ,
  public_flag int(11) default '1' ,
  downloads_flag int(11) default '0' ,
  PRIMARY KEY (orders_status_id, language_id),
  KEY idx_orders_status_name (orders_status_name)
);

insert into orders_status (orders_status_id, language_id, orders_status_name, public_flag, downloads_flag) values ('1', '1', 'Pending', '1', '0');
insert into orders_status (orders_status_id, language_id, orders_status_name, public_flag, downloads_flag) values ('2', '1', 'Processing', '1', '1');
insert into orders_status (orders_status_id, language_id, orders_status_name, public_flag, downloads_flag) values ('3', '1', 'Delivered', '1', '1');
insert into orders_status (orders_status_id, language_id, orders_status_name, public_flag, downloads_flag) values ('4', '1', 'PayPal [Transactions]', '0', '0');
drop table if exists orders_status_history;
create table orders_status_history (
  orders_status_history_id int(11) not null auto_increment,
  orders_id int(11) not null ,
  orders_status_id int(5) not null ,
  date_added datetime not null ,
  customer_notified int(1) default '0' ,
  comments text ,
  PRIMARY KEY (orders_status_history_id),
  KEY idx_orders_status_history_orders_id (orders_id)
);

insert into orders_status_history (orders_status_history_id, orders_id, orders_status_id, date_added, customer_notified, comments) values ('1', '1', '1', '2015-08-06 09:39:30', '1', '');
insert into orders_status_history (orders_status_history_id, orders_id, orders_status_id, date_added, customer_notified, comments) values ('2', '2', '1', '2015-08-06 09:56:00', '1', '');
insert into orders_status_history (orders_status_history_id, orders_id, orders_status_id, date_added, customer_notified, comments) values ('3', '3', '1', '2015-08-06 10:02:31', '1', '');
insert into orders_status_history (orders_status_history_id, orders_id, orders_status_id, date_added, customer_notified, comments) values ('4', '4', '1', '2015-08-06 10:07:05', '1', '');
insert into orders_status_history (orders_status_history_id, orders_id, orders_status_id, date_added, customer_notified, comments) values ('5', '5', '1', '2015-08-06 10:08:51', '1', '');
insert into orders_status_history (orders_status_history_id, orders_id, orders_status_id, date_added, customer_notified, comments) values ('6', '6', '1', '2015-08-06 10:25:13', '1', '');
insert into orders_status_history (orders_status_history_id, orders_id, orders_status_id, date_added, customer_notified, comments) values ('7', '7', '1', '2015-08-06 10:38:28', '1', '');
insert into orders_status_history (orders_status_history_id, orders_id, orders_status_id, date_added, customer_notified, comments) values ('8', '8', '1', '2015-08-06 11:42:51', '1', '');
insert into orders_status_history (orders_status_history_id, orders_id, orders_status_id, date_added, customer_notified, comments) values ('9', '9', '1', '2015-08-06 11:55:37', '1', '');
insert into orders_status_history (orders_status_history_id, orders_id, orders_status_id, date_added, customer_notified, comments) values ('10', '10', '1', '2015-08-06 12:44:05', '1', '');
insert into orders_status_history (orders_status_history_id, orders_id, orders_status_id, date_added, customer_notified, comments) values ('11', '11', '1', '2015-08-06 12:54:08', '1', '');
insert into orders_status_history (orders_status_history_id, orders_id, orders_status_id, date_added, customer_notified, comments) values ('12', '12', '1', '2015-08-06 12:55:26', '1', '');
insert into orders_status_history (orders_status_history_id, orders_id, orders_status_id, date_added, customer_notified, comments) values ('13', '13', '1', '2015-08-06 21:56:54', '1', '');
insert into orders_status_history (orders_status_history_id, orders_id, orders_status_id, date_added, customer_notified, comments) values ('14', '14', '1', '2015-08-07 05:39:02', '1', '');
insert into orders_status_history (orders_status_history_id, orders_id, orders_status_id, date_added, customer_notified, comments) values ('15', '15', '1', '2015-08-07 07:28:51', '1', 'df dfgfdgfd fd gdffgdfg fgfdgfdg');
insert into orders_status_history (orders_status_history_id, orders_id, orders_status_id, date_added, customer_notified, comments) values ('16', '16', '1', '2015-08-07 10:05:13', '1', '');
drop table if exists orders_total;
create table orders_total (
  orders_total_id int(10) unsigned not null auto_increment,
  orders_id int(11) not null ,
  title varchar(255) not null ,
  text varchar(255) not null ,
  value decimal(15,4) not null ,
  class varchar(32) not null ,
  sort_order int(11) not null ,
  PRIMARY KEY (orders_total_id),
  KEY idx_orders_total_orders_id (orders_id)
);

insert into orders_total (orders_total_id, orders_id, title, text, value, class, sort_order) values ('1', '1', 'Sub-Total:', '$299.99', '299.9900', 'ot_subtotal', '1');
insert into orders_total (orders_total_id, orders_id, title, text, value, class, sort_order) values ('2', '1', 'Flat Rate ():', '$5.00', '5.0000', 'ot_shipping', '2');
insert into orders_total (orders_total_id, orders_id, title, text, value, class, sort_order) values ('3', '1', 'Total:', '<strong>$304.99</strong>', '304.9900', 'ot_total', '4');
insert into orders_total (orders_total_id, orders_id, title, text, value, class, sort_order) values ('4', '2', 'Sub-Total:', '$299.99', '299.9900', 'ot_subtotal', '1');
insert into orders_total (orders_total_id, orders_id, title, text, value, class, sort_order) values ('5', '2', 'Flat Rate ():', '$5.00', '5.0000', 'ot_shipping', '2');
insert into orders_total (orders_total_id, orders_id, title, text, value, class, sort_order) values ('6', '2', 'Total:', '<strong>$304.99</strong>', '304.9900', 'ot_total', '4');
insert into orders_total (orders_total_id, orders_id, title, text, value, class, sort_order) values ('7', '3', 'Sub-Total:', '$299.99', '299.9900', 'ot_subtotal', '1');
insert into orders_total (orders_total_id, orders_id, title, text, value, class, sort_order) values ('8', '3', 'Flat Rate ():', '$5.00', '5.0000', 'ot_shipping', '2');
insert into orders_total (orders_total_id, orders_id, title, text, value, class, sort_order) values ('9', '3', 'Total:', '<strong>$304.99</strong>', '304.9900', 'ot_total', '4');
insert into orders_total (orders_total_id, orders_id, title, text, value, class, sort_order) values ('10', '4', 'Sub-Total:', '$299.99', '299.9900', 'ot_subtotal', '1');
insert into orders_total (orders_total_id, orders_id, title, text, value, class, sort_order) values ('11', '4', 'Flat Rate ():', '$5.00', '5.0000', 'ot_shipping', '2');
insert into orders_total (orders_total_id, orders_id, title, text, value, class, sort_order) values ('12', '4', 'Total:', '<strong>$304.99</strong>', '304.9900', 'ot_total', '4');
insert into orders_total (orders_total_id, orders_id, title, text, value, class, sort_order) values ('13', '5', 'Sub-Total:', '$39.99', '39.9900', 'ot_subtotal', '1');
insert into orders_total (orders_total_id, orders_id, title, text, value, class, sort_order) values ('14', '5', 'Flat Rate ():', '$5.00', '5.0000', 'ot_shipping', '2');
insert into orders_total (orders_total_id, orders_id, title, text, value, class, sort_order) values ('15', '5', 'Total:', '<strong>$44.99</strong>', '44.9900', 'ot_total', '4');
insert into orders_total (orders_total_id, orders_id, title, text, value, class, sort_order) values ('16', '6', 'Sub-Total:', '$29.99', '29.9900', 'ot_subtotal', '1');
insert into orders_total (orders_total_id, orders_id, title, text, value, class, sort_order) values ('17', '6', 'Flat Rate ():', '$5.00', '5.0000', 'ot_shipping', '2');
insert into orders_total (orders_total_id, orders_id, title, text, value, class, sort_order) values ('18', '6', 'Total:', '<strong>$34.99</strong>', '34.9900', 'ot_total', '4');
insert into orders_total (orders_total_id, orders_id, title, text, value, class, sort_order) values ('19', '7', 'Sub-Total:', '$54.99', '54.9900', 'ot_subtotal', '1');
insert into orders_total (orders_total_id, orders_id, title, text, value, class, sort_order) values ('20', '7', 'Flat Rate ():', '$5.00', '5.0000', 'ot_shipping', '2');
insert into orders_total (orders_total_id, orders_id, title, text, value, class, sort_order) values ('21', '7', 'Total:', '<strong>$59.99</strong>', '59.9900', 'ot_total', '4');
insert into orders_total (orders_total_id, orders_id, title, text, value, class, sort_order) values ('22', '8', 'Sub-Total:', '$42.00', '42.0000', 'ot_subtotal', '1');
insert into orders_total (orders_total_id, orders_id, title, text, value, class, sort_order) values ('23', '8', 'Flat Rate ():', '$5.00', '5.0000', 'ot_shipping', '2');
insert into orders_total (orders_total_id, orders_id, title, text, value, class, sort_order) values ('24', '8', 'Total:', '<strong>$47.00</strong>', '47.0000', 'ot_total', '4');
insert into orders_total (orders_total_id, orders_id, title, text, value, class, sort_order) values ('25', '9', 'Sub-Total:', '$179.98', '179.9800', 'ot_subtotal', '1');
insert into orders_total (orders_total_id, orders_id, title, text, value, class, sort_order) values ('26', '9', 'Flat Rate ():', '$5.00', '5.0000', 'ot_shipping', '2');
insert into orders_total (orders_total_id, orders_id, title, text, value, class, sort_order) values ('27', '9', 'Total:', '<strong>$184.98</strong>', '184.9800', 'ot_total', '4');
insert into orders_total (orders_total_id, orders_id, title, text, value, class, sort_order) values ('28', '10', 'Sub-Total:', '$54.99', '54.9900', 'ot_subtotal', '1');
insert into orders_total (orders_total_id, orders_id, title, text, value, class, sort_order) values ('29', '10', 'Flat Rate ():', '$5.00', '5.0000', 'ot_shipping', '2');
insert into orders_total (orders_total_id, orders_id, title, text, value, class, sort_order) values ('30', '10', 'Total:', '<strong>$59.99</strong>', '59.9900', 'ot_total', '4');
insert into orders_total (orders_total_id, orders_id, title, text, value, class, sort_order) values ('31', '11', 'Sub-Total:', '$69.99', '69.9900', 'ot_subtotal', '1');
insert into orders_total (orders_total_id, orders_id, title, text, value, class, sort_order) values ('32', '11', 'Flat Rate ():', '$5.00', '5.0000', 'ot_shipping', '2');
insert into orders_total (orders_total_id, orders_id, title, text, value, class, sort_order) values ('33', '11', 'Total:', '<strong>$74.99</strong>', '74.9900', 'ot_total', '4');
insert into orders_total (orders_total_id, orders_id, title, text, value, class, sort_order) values ('34', '12', 'Sub-Total:', '$64.95', '64.9500', 'ot_subtotal', '1');
insert into orders_total (orders_total_id, orders_id, title, text, value, class, sort_order) values ('35', '12', 'Flat Rate ():', '$5.00', '5.0000', 'ot_shipping', '2');
insert into orders_total (orders_total_id, orders_id, title, text, value, class, sort_order) values ('36', '12', 'Total:', '<strong>$69.95</strong>', '69.9500', 'ot_total', '4');
insert into orders_total (orders_total_id, orders_id, title, text, value, class, sort_order) values ('37', '13', 'Sub-Total:', '$79.99', '79.9900', 'ot_subtotal', '1');
insert into orders_total (orders_total_id, orders_id, title, text, value, class, sort_order) values ('38', '13', 'Flat Rate ():', '$5.00', '5.0000', 'ot_shipping', '2');
insert into orders_total (orders_total_id, orders_id, title, text, value, class, sort_order) values ('39', '13', 'Total:', '<strong>$84.99</strong>', '84.9900', 'ot_total', '4');
insert into orders_total (orders_total_id, orders_id, title, text, value, class, sort_order) values ('40', '14', 'Sub-Total:', '$29.99', '29.9900', 'ot_subtotal', '1');
insert into orders_total (orders_total_id, orders_id, title, text, value, class, sort_order) values ('41', '14', 'Flat Rate ():', '$5.00', '5.0000', 'ot_shipping', '2');
insert into orders_total (orders_total_id, orders_id, title, text, value, class, sort_order) values ('42', '14', 'Total:', '<strong>$34.99</strong>', '34.9900', 'ot_total', '4');
insert into orders_total (orders_total_id, orders_id, title, text, value, class, sort_order) values ('43', '15', 'Sub-Total:', '$49.99', '49.9900', 'ot_subtotal', '1');
insert into orders_total (orders_total_id, orders_id, title, text, value, class, sort_order) values ('44', '15', 'Flat Rate ():', '$5.00', '5.0000', 'ot_shipping', '2');
insert into orders_total (orders_total_id, orders_id, title, text, value, class, sort_order) values ('45', '15', 'Total:', '<strong>$54.99</strong>', '54.9900', 'ot_total', '4');
insert into orders_total (orders_total_id, orders_id, title, text, value, class, sort_order) values ('46', '16', 'Sub-Total:', '$64.95', '64.9500', 'ot_subtotal', '1');
insert into orders_total (orders_total_id, orders_id, title, text, value, class, sort_order) values ('47', '16', 'Flat Rate ():', '$5.00', '5.0000', 'ot_shipping', '2');
insert into orders_total (orders_total_id, orders_id, title, text, value, class, sort_order) values ('48', '16', 'Total:', '<strong>$69.95</strong>', '69.9500', 'ot_total', '4');
drop table if exists products;
create table products (
  products_id int(11) not null auto_increment,
  products_quantity int(4) not null ,
  products_model varchar(64) ,
  products_image varchar(64) ,
  products_price decimal(15,4) not null ,
  products_date_added datetime not null ,
  products_last_modified datetime ,
  products_date_available datetime ,
  products_weight decimal(5,2) not null ,
  products_status tinyint(1) not null ,
  products_tax_class_id int(11) not null ,
  manufacturers_id int(11) ,
  products_ordered int(11) default '0' not null ,
  PRIMARY KEY (products_id),
  KEY idx_products_model (products_model),
  KEY idx_products_date_added (products_date_added)
);

insert into products (products_id, products_quantity, products_model, products_image, products_price, products_date_added, products_last_modified, products_date_available, products_weight, products_status, products_tax_class_id, manufacturers_id, products_ordered) values ('1', '28', 'MG200MMS', 'matrox/mg200mms.gif', '299.9900', '2015-08-06 06:58:04', NULL, NULL, '23.00', '1', '1', '1', '4');
insert into products (products_id, products_quantity, products_model, products_image, products_price, products_date_added, products_last_modified, products_date_available, products_weight, products_status, products_tax_class_id, manufacturers_id, products_ordered) values ('2', '32', 'MG400-32MB', 'matrox/mg400-32mb.gif', '499.9900', '2015-08-06 06:58:04', NULL, NULL, '23.00', '1', '1', '1', '0');
insert into products (products_id, products_quantity, products_model, products_image, products_price, products_date_added, products_last_modified, products_date_available, products_weight, products_status, products_tax_class_id, manufacturers_id, products_ordered) values ('3', '2', 'MSIMPRO', 'microsoft/msimpro.gif', '49.9900', '2015-08-06 06:58:04', NULL, NULL, '7.00', '1', '1', '3', '0');
insert into products (products_id, products_quantity, products_model, products_image, products_price, products_date_added, products_last_modified, products_date_available, products_weight, products_status, products_tax_class_id, manufacturers_id, products_ordered) values ('4', '13', 'DVD-RPMK', 'dvd/replacement_killers.gif', '42.0000', '2015-08-06 06:58:04', NULL, NULL, '23.00', '1', '1', '2', '0');
insert into products (products_id, products_quantity, products_model, products_image, products_price, products_date_added, products_last_modified, products_date_available, products_weight, products_status, products_tax_class_id, manufacturers_id, products_ordered) values ('5', '17', 'DVD-BLDRNDC', 'dvd/blade_runner.gif', '35.9900', '2015-08-06 06:58:04', NULL, NULL, '7.00', '1', '1', '3', '0');
insert into products (products_id, products_quantity, products_model, products_image, products_price, products_date_added, products_last_modified, products_date_available, products_weight, products_status, products_tax_class_id, manufacturers_id, products_ordered) values ('6', '10', 'DVD-MATR', 'dvd/the_matrix.gif', '39.9900', '2015-08-06 06:58:04', NULL, NULL, '7.00', '1', '1', '3', '0');
insert into products (products_id, products_quantity, products_model, products_image, products_price, products_date_added, products_last_modified, products_date_available, products_weight, products_status, products_tax_class_id, manufacturers_id, products_ordered) values ('7', '10', 'DVD-YGEM', 'dvd/youve_got_mail.gif', '34.9900', '2015-08-06 06:58:04', NULL, NULL, '7.00', '1', '1', '3', '0');
insert into products (products_id, products_quantity, products_model, products_image, products_price, products_date_added, products_last_modified, products_date_available, products_weight, products_status, products_tax_class_id, manufacturers_id, products_ordered) values ('8', '10', 'DVD-ABUG', 'dvd/a_bugs_life.gif', '35.9900', '2015-08-06 06:58:04', NULL, NULL, '7.00', '1', '1', '3', '0');
insert into products (products_id, products_quantity, products_model, products_image, products_price, products_date_added, products_last_modified, products_date_available, products_weight, products_status, products_tax_class_id, manufacturers_id, products_ordered) values ('9', '10', 'DVD-UNSG', 'dvd/under_siege.gif', '29.9900', '2015-08-06 06:58:04', NULL, NULL, '7.00', '1', '1', '3', '0');
insert into products (products_id, products_quantity, products_model, products_image, products_price, products_date_added, products_last_modified, products_date_available, products_weight, products_status, products_tax_class_id, manufacturers_id, products_ordered) values ('10', '10', 'DVD-UNSG2', 'dvd/under_siege2.gif', '29.9900', '2015-08-06 06:58:04', NULL, NULL, '7.00', '1', '1', '3', '0');
insert into products (products_id, products_quantity, products_model, products_image, products_price, products_date_added, products_last_modified, products_date_available, products_weight, products_status, products_tax_class_id, manufacturers_id, products_ordered) values ('11', '10', 'DVD-FDBL', 'dvd/fire_down_below.gif', '29.9900', '2015-08-06 06:58:04', NULL, NULL, '7.00', '1', '1', '3', '0');
insert into products (products_id, products_quantity, products_model, products_image, products_price, products_date_added, products_last_modified, products_date_available, products_weight, products_status, products_tax_class_id, manufacturers_id, products_ordered) values ('12', '10', 'DVD-DHWV', 'dvd/die_hard_3.gif', '39.9900', '2015-08-06 06:58:04', NULL, NULL, '7.00', '1', '1', '4', '0');
insert into products (products_id, products_quantity, products_model, products_image, products_price, products_date_added, products_last_modified, products_date_available, products_weight, products_status, products_tax_class_id, manufacturers_id, products_ordered) values ('13', '10', 'DVD-LTWP', 'dvd/lethal_weapon.gif', '34.9900', '2015-08-06 06:58:04', NULL, NULL, '7.00', '1', '1', '3', '0');
insert into products (products_id, products_quantity, products_model, products_image, products_price, products_date_added, products_last_modified, products_date_available, products_weight, products_status, products_tax_class_id, manufacturers_id, products_ordered) values ('14', '10', 'DVD-REDC', 'dvd/red_corner.gif', '32.0000', '2015-08-06 06:58:04', NULL, NULL, '7.00', '1', '1', '3', '0');
insert into products (products_id, products_quantity, products_model, products_image, products_price, products_date_added, products_last_modified, products_date_available, products_weight, products_status, products_tax_class_id, manufacturers_id, products_ordered) values ('15', '10', 'DVD-FRAN', 'dvd/frantic.gif', '35.0000', '2015-08-06 06:58:04', NULL, NULL, '7.00', '1', '1', '3', '0');
insert into products (products_id, products_quantity, products_model, products_image, products_price, products_date_added, products_last_modified, products_date_available, products_weight, products_status, products_tax_class_id, manufacturers_id, products_ordered) values ('16', '8', 'DVD-CUFI', 'dvd/courage_under_fire.gif', '38.9900', '2015-08-06 06:58:04', NULL, NULL, '7.00', '1', '1', '4', '2');
insert into products (products_id, products_quantity, products_model, products_image, products_price, products_date_added, products_last_modified, products_date_available, products_weight, products_status, products_tax_class_id, manufacturers_id, products_ordered) values ('17', '9', 'DVD-SPEED', 'dvd/speed.gif', '39.9900', '2015-08-06 06:58:04', NULL, NULL, '7.00', '1', '1', '4', '1');
insert into products (products_id, products_quantity, products_model, products_image, products_price, products_date_added, products_last_modified, products_date_available, products_weight, products_status, products_tax_class_id, manufacturers_id, products_ordered) values ('18', '9', 'DVD-SPEED2', 'dvd/speed_2.gif', '42.0000', '2015-08-06 06:58:04', NULL, NULL, '7.00', '1', '1', '4', '1');
insert into products (products_id, products_quantity, products_model, products_image, products_price, products_date_added, products_last_modified, products_date_available, products_weight, products_status, products_tax_class_id, manufacturers_id, products_ordered) values ('19', '9', 'DVD-TSAB', 'dvd/theres_something_about_mary.gif', '49.9900', '2015-08-06 06:58:04', NULL, NULL, '7.00', '1', '1', '4', '1');
insert into products (products_id, products_quantity, products_model, products_image, products_price, products_date_added, products_last_modified, products_date_available, products_weight, products_status, products_tax_class_id, manufacturers_id, products_ordered) values ('20', '8', 'DVD-BELOVED', 'dvd/beloved.gif', '54.9900', '2015-08-06 06:58:04', NULL, NULL, '7.00', '1', '1', '3', '2');
insert into products (products_id, products_quantity, products_model, products_image, products_price, products_date_added, products_last_modified, products_date_available, products_weight, products_status, products_tax_class_id, manufacturers_id, products_ordered) values ('21', '14', 'PC-SWAT3', 'sierra/swat_3.gif', '79.9900', '2015-08-06 06:58:04', NULL, NULL, '7.00', '1', '1', '7', '2');
insert into products (products_id, products_quantity, products_model, products_image, products_price, products_date_added, products_last_modified, products_date_available, products_weight, products_status, products_tax_class_id, manufacturers_id, products_ordered) values ('22', '13', 'PC-UNTM', 'gt_interactive/unreal_tournament.gif', '89.9900', '2015-08-06 06:58:04', NULL, NULL, '7.00', '1', '1', '8', '0');
insert into products (products_id, products_quantity, products_model, products_image, products_price, products_date_added, products_last_modified, products_date_available, products_weight, products_status, products_tax_class_id, manufacturers_id, products_ordered) values ('23', '15', 'PC-TWOF', 'gt_interactive/wheel_of_time.gif', '99.9900', '2015-08-06 06:58:04', NULL, NULL, '10.00', '1', '1', '8', '1');
insert into products (products_id, products_quantity, products_model, products_image, products_price, products_date_added, products_last_modified, products_date_available, products_weight, products_status, products_tax_class_id, manufacturers_id, products_ordered) values ('24', '17', 'PC-DISC', 'gt_interactive/disciples.gif', '90.0000', '2015-08-06 06:58:04', NULL, NULL, '8.00', '1', '1', '8', '0');
insert into products (products_id, products_quantity, products_model, products_image, products_price, products_date_added, products_last_modified, products_date_available, products_weight, products_status, products_tax_class_id, manufacturers_id, products_ordered) values ('25', '15', 'MSINTKB', 'microsoft/intkeyboardps2.gif', '69.9900', '2015-08-06 06:58:04', NULL, NULL, '8.00', '1', '1', '2', '1');
insert into products (products_id, products_quantity, products_model, products_image, products_price, products_date_added, products_last_modified, products_date_available, products_weight, products_status, products_tax_class_id, manufacturers_id, products_ordered) values ('26', '8', 'MSIMEXP', 'microsoft/imexplorer.gif', '64.9500', '2015-08-06 06:58:04', NULL, NULL, '8.00', '1', '1', '2', '2');
insert into products (products_id, products_quantity, products_model, products_image, products_price, products_date_added, products_last_modified, products_date_available, products_weight, products_status, products_tax_class_id, manufacturers_id, products_ordered) values ('27', '8', 'HPLJ1100XI', 'hewlett_packard/lj1100xi.gif', '499.9900', '2015-08-06 06:58:04', NULL, NULL, '45.00', '1', '1', '9', '0');
insert into products (products_id, products_quantity, products_model, products_image, products_price, products_date_added, products_last_modified, products_date_available, products_weight, products_status, products_tax_class_id, manufacturers_id, products_ordered) values ('28', '100', 'GT-P1000', 'samsung/galaxy_tab.gif', '749.9900', '2015-08-06 06:58:04', NULL, NULL, '1.00', '1', '1', '10', '0');
drop table if exists products_attributes;
create table products_attributes (
  products_attributes_id int(11) not null auto_increment,
  products_id int(11) not null ,
  options_id int(11) not null ,
  options_values_id int(11) not null ,
  options_values_price decimal(15,4) not null ,
  price_prefix char(1) not null ,
  PRIMARY KEY (products_attributes_id),
  KEY idx_products_attributes_products_id (products_id)
);

insert into products_attributes (products_attributes_id, products_id, options_id, options_values_id, options_values_price, price_prefix) values ('1', '1', '4', '1', '0.0000', '+');
insert into products_attributes (products_attributes_id, products_id, options_id, options_values_id, options_values_price, price_prefix) values ('2', '1', '4', '2', '50.0000', '+');
insert into products_attributes (products_attributes_id, products_id, options_id, options_values_id, options_values_price, price_prefix) values ('3', '1', '4', '3', '70.0000', '+');
insert into products_attributes (products_attributes_id, products_id, options_id, options_values_id, options_values_price, price_prefix) values ('4', '1', '3', '5', '0.0000', '+');
insert into products_attributes (products_attributes_id, products_id, options_id, options_values_id, options_values_price, price_prefix) values ('5', '1', '3', '6', '100.0000', '+');
insert into products_attributes (products_attributes_id, products_id, options_id, options_values_id, options_values_price, price_prefix) values ('6', '2', '4', '3', '10.0000', '-');
insert into products_attributes (products_attributes_id, products_id, options_id, options_values_id, options_values_price, price_prefix) values ('7', '2', '4', '4', '0.0000', '+');
insert into products_attributes (products_attributes_id, products_id, options_id, options_values_id, options_values_price, price_prefix) values ('8', '2', '3', '6', '0.0000', '+');
insert into products_attributes (products_attributes_id, products_id, options_id, options_values_id, options_values_price, price_prefix) values ('9', '2', '3', '7', '120.0000', '+');
insert into products_attributes (products_attributes_id, products_id, options_id, options_values_id, options_values_price, price_prefix) values ('10', '26', '3', '8', '0.0000', '+');
insert into products_attributes (products_attributes_id, products_id, options_id, options_values_id, options_values_price, price_prefix) values ('11', '26', '3', '9', '6.0000', '+');
insert into products_attributes (products_attributes_id, products_id, options_id, options_values_id, options_values_price, price_prefix) values ('26', '22', '5', '10', '0.0000', '+');
insert into products_attributes (products_attributes_id, products_id, options_id, options_values_id, options_values_price, price_prefix) values ('27', '22', '5', '13', '0.0000', '+');
drop table if exists products_attributes_download;
create table products_attributes_download (
  products_attributes_id int(11) not null ,
  products_attributes_filename varchar(255) not null ,
  products_attributes_maxdays int(2) default '0' ,
  products_attributes_maxcount int(2) default '0' ,
  PRIMARY KEY (products_attributes_id)
);

insert into products_attributes_download (products_attributes_id, products_attributes_filename, products_attributes_maxdays, products_attributes_maxcount) values ('26', 'unreal.zip', '7', '3');
drop table if exists products_description;
create table products_description (
  products_id int(11) not null auto_increment,
  language_id int(11) default '1' not null ,
  products_name varchar(64) not null ,
  products_description text ,
  products_url varchar(255) ,
  products_viewed int(5) default '0' ,
  PRIMARY KEY (products_id, language_id),
  KEY products_name (products_name)
);

insert into products_description (products_id, language_id, products_name, products_description, products_url, products_viewed) values ('1', '1', 'Matrox G200 MMS', 'Reinforcing its position as a multi-monitor trailblazer, Matrox Graphics Inc. has once again developed the most flexible and highly advanced solution in the industry. Introducing the new Matrox G200 Multi-Monitor Series; the first graphics card ever to support up to four DVI digital flat panel displays on a single 8&quot; PCI board.<br /><br />With continuing demand for digital flat panels in the financial workplace, the Matrox G200 MMS is the ultimate in flexible solutions. The Matrox G200 MMS also supports the new digital video interface (DVI) created by the Digital Display Working Group (DDWG) designed to ease the adoption of digital flat panels. Other configurations include composite video capture ability and onboard TV tuner, making the Matrox G200 MMS the complete solution for business needs.<br /><br />Based on the award-winning MGA-G200 graphics chip, the Matrox G200 Multi-Monitor Series provides superior 2D/3D graphics acceleration to meet the demanding needs of business applications such as real-time stock quotes (Versus), live video feeds (Reuters &amp; Bloombergs), multiple windows applications, word processing, spreadsheets and CAD.', 'www.matrox.com/mga/products/g200_mms/home.cfm', '14');
insert into products_description (products_id, language_id, products_name, products_description, products_url, products_viewed) values ('2', '1', 'Matrox G400 32MB', '<strong>Dramatically Different High Performance Graphics</strong><br /><br />Introducing the Millennium G400 Series - a dramatically different, high performance graphics experience. Armed with the industry\'s fastest graphics chip, the Millennium G400 Series takes explosive acceleration two steps further by adding unprecedented image quality, along with the most versatile display options for all your 3D, 2D and DVD applications. As the most powerful and innovative tools in your PC\'s arsenal, the Millennium G400 Series will not only change the way you see graphics, but will revolutionize the way you use your computer.<br /><br /><strong>Key features:</strong><ul><li>New Matrox G400 256-bit DualBus graphics chip</li><li>Explosive 3D, 2D and DVD performance</li><li>DualHead Display</li><li>Superior DVD and TV output</li><li>3D Environment-Mapped Bump Mapping</li><li>Vibrant Color Quality rendering </li><li>UltraSharp DAC of up to 360 MHz</li><li>3D Rendering Array Processor</li><li>Support for 16 or 32 MB of memory</li></ul>', 'www.matrox.com/mga/products/mill_g400/home.htm', '0');
insert into products_description (products_id, language_id, products_name, products_description, products_url, products_viewed) values ('3', '1', 'Microsoft IntelliMouse Pro', 'Every element of IntelliMouse Pro - from its unique arched shape to the texture of the rubber grip around its base - is the product of extensive customer and ergonomic research. Microsoft\'s popular wheel control, which now allows zooming and universal scrolling functions, gives IntelliMouse Pro outstanding comfort and efficiency.', 'www.microsoft.com/hardware/mouse/intellimouse.asp', '0');
insert into products_description (products_id, language_id, products_name, products_description, products_url, products_viewed) values ('4', '1', 'The Replacement Killers', 'Regional Code: 2 (Japan, Europe, Middle East, South Africa).<br />Languages: English, Deutsch.<br />Subtitles: English, Deutsch, Spanish.<br />Audio: Dolby Surround 5.1.<br />Picture Format: 16:9 Wide-Screen.<br />Length: (approx) 80 minutes.<br />Other: Interactive Menus, Chapter Selection, Subtitles (more languages).', 'www.replacement-killers.com', '0');
insert into products_description (products_id, language_id, products_name, products_description, products_url, products_viewed) values ('5', '1', 'Blade Runner - Director\'s Cut', 'Regional Code: 2 (Japan, Europe, Middle East, South Africa).<br />Languages: English, Deutsch.<br />Subtitles: English, Deutsch, Spanish.<br />Audio: Dolby Surround 5.1.<br />Picture Format: 16:9 Wide-Screen.<br />Length: (approx) 112 minutes.<br />Other: Interactive Menus, Chapter Selection, Subtitles (more languages).', 'www.bladerunner.com', '0');
insert into products_description (products_id, language_id, products_name, products_description, products_url, products_viewed) values ('6', '1', 'The Matrix', 'Regional Code: 2 (Japan, Europe, Middle East, South Africa).<br />
Languages: English, Deutsch.<br />
Subtitles: English, Deutsch.<br />
Audio: Dolby Surround.<br />
Picture Format: 16:9 Wide-Screen.<br />
Length: (approx) 131 minutes.<br />
Other: Interactive Menus, Chapter Selection, Making Of.', 'www.thematrix.com', '0');
insert into products_description (products_id, language_id, products_name, products_description, products_url, products_viewed) values ('7', '1', 'You\'ve Got Mail', 'Regional Code: 2 (Japan, Europe, Middle East, South Africa).<br />
Languages: English, Deutsch, Spanish.<br />
Subtitles: English, Deutsch, Spanish, French, Nordic, Polish.<br />
Audio: Dolby Digital 5.1.<br />
Picture Format: 16:9 Wide-Screen.<br />
Length: (approx) 115 minutes.<br />
Other: Interactive Menus, Chapter Selection, Subtitles (more languages).', 'www.youvegotmail.com', '0');
insert into products_description (products_id, language_id, products_name, products_description, products_url, products_viewed) values ('8', '1', 'A Bug\'s Life', 'Regional Code: 2 (Japan, Europe, Middle East, South Africa).<br />
Languages: English, Deutsch.<br />
Subtitles: English, Deutsch, Spanish.<br />
Audio: Dolby Digital 5.1 / Dobly Surround Stereo.<br />
Picture Format: 16:9 Wide-Screen.<br />
Length: (approx) 91 minutes.<br />
Other: Interactive Menus, Chapter Selection, Subtitles (more languages).', 'www.abugslife.com', '0');
insert into products_description (products_id, language_id, products_name, products_description, products_url, products_viewed) values ('9', '1', 'Under Siege', 'Regional Code: 2 (Japan, Europe, Middle East, South Africa).<br />
Languages: English, Deutsch.<br />
Subtitles: English, Deutsch, Spanish.<br />
Audio: Dolby Surround 5.1.<br />
Picture Format: 16:9 Wide-Screen.<br />
Length: (approx) 98 minutes.<br />
Other: Interactive Menus, Chapter Selection, Subtitles (more languages).', '', '0');
insert into products_description (products_id, language_id, products_name, products_description, products_url, products_viewed) values ('10', '1', 'Under Siege 2 - Dark Territory', 'Regional Code: 2 (Japan, Europe, Middle East, South Africa).<br />
Languages: English, Deutsch.<br />
Subtitles: English, Deutsch, Spanish.<br />
Audio: Dolby Surround 5.1.<br />
Picture Format: 16:9 Wide-Screen.<br />
Length: (approx) 98 minutes.<br />
Other: Interactive Menus, Chapter Selection, Subtitles (more languages).', '', '0');
insert into products_description (products_id, language_id, products_name, products_description, products_url, products_viewed) values ('11', '1', 'Fire Down Below', 'Regional Code: 2 (Japan, Europe, Middle East, South Africa).<br />
Languages: English, Deutsch.<br />
Subtitles: English, Deutsch, Spanish.<br />
Audio: Dolby Surround 5.1.<br />
Picture Format: 16:9 Wide-Screen.<br />
Length: (approx) 100 minutes.<br />
Other: Interactive Menus, Chapter Selection, Subtitles (more languages).', '', '0');
insert into products_description (products_id, language_id, products_name, products_description, products_url, products_viewed) values ('12', '1', 'Die Hard With A Vengeance', 'Regional Code: 2 (Japan, Europe, Middle East, South Africa).<br />
Languages: English, Deutsch.<br />
Subtitles: English, Deutsch, Spanish.<br />
Audio: Dolby Surround 5.1.<br />
Picture Format: 16:9 Wide-Screen.<br />
Length: (approx) 122 minutes.<br />
Other: Interactive Menus, Chapter Selection, Subtitles (more languages).', '', '0');
insert into products_description (products_id, language_id, products_name, products_description, products_url, products_viewed) values ('13', '1', 'Lethal Weapon', 'Regional Code: 2 (Japan, Europe, Middle East, South Africa).<br />
Languages: English, Deutsch.<br />
Subtitles: English, Deutsch, Spanish.<br />
Audio: Dolby Surround 5.1.<br />
Picture Format: 16:9 Wide-Screen.<br />
Length: (approx) 100 minutes.<br />
Other: Interactive Menus, Chapter Selection, Subtitles (more languages).', '', '0');
insert into products_description (products_id, language_id, products_name, products_description, products_url, products_viewed) values ('14', '1', 'Red Corner', 'Regional Code: 2 (Japan, Europe, Middle East, South Africa).<br />
Languages: English, Deutsch.<br />
Subtitles: English, Deutsch, Spanish.<br />
Audio: Dolby Surround 5.1.<br />
Picture Format: 16:9 Wide-Screen.<br />
Length: (approx) 117 minutes.<br />
Other: Interactive Menus, Chapter Selection, Subtitles (more languages).', '', '0');
insert into products_description (products_id, language_id, products_name, products_description, products_url, products_viewed) values ('15', '1', 'Frantic', 'Regional Code: 2 (Japan, Europe, Middle East, South Africa).<br />
Languages: English, Deutsch.<br />
Subtitles: English, Deutsch, Spanish.<br />
Audio: Dolby Surround 5.1.<br />
Picture Format: 16:9 Wide-Screen.<br />
Length: (approx) 115 minutes.<br />
Other: Interactive Menus, Chapter Selection, Subtitles (more languages).', '', '0');
insert into products_description (products_id, language_id, products_name, products_description, products_url, products_viewed) values ('16', '1', 'Courage Under Fire', 'Regional Code: 2 (Japan, Europe, Middle East, South Africa).<br />
Languages: English, Deutsch.<br />
Subtitles: English, Deutsch, Spanish.<br />
Audio: Dolby Surround 5.1.<br />
Picture Format: 16:9 Wide-Screen.<br />
Length: (approx) 112 minutes.<br />
Other: Interactive Menus, Chapter Selection, Subtitles (more languages).', '', '1');
insert into products_description (products_id, language_id, products_name, products_description, products_url, products_viewed) values ('17', '1', 'Speed', 'Regional Code: 2 (Japan, Europe, Middle East, South Africa).<br />
Languages: English, Deutsch.<br />
Subtitles: English, Deutsch, Spanish.<br />
Audio: Dolby Surround 5.1.<br />
Picture Format: 16:9 Wide-Screen.<br />
Length: (approx) 112 minutes.<br />
Other: Interactive Menus, Chapter Selection, Subtitles (more languages).', '', '0');
insert into products_description (products_id, language_id, products_name, products_description, products_url, products_viewed) values ('18', '1', 'Speed 2: Cruise Control', 'Regional Code: 2 (Japan, Europe, Middle East, South Africa).<br />
Languages: English, Deutsch.<br />
Subtitles: English, Deutsch, Spanish.<br />
Audio: Dolby Surround 5.1.<br />
Picture Format: 16:9 Wide-Screen.<br />
Length: (approx) 120 minutes.<br />
Other: Interactive Menus, Chapter Selection, Subtitles (more languages).', '', '0');
insert into products_description (products_id, language_id, products_name, products_description, products_url, products_viewed) values ('19', '1', 'There\'s Something About Mary', 'Regional Code: 2 (Japan, Europe, Middle East, South Africa).<br />
Languages: English, Deutsch.<br />
Subtitles: English, Deutsch, Spanish.<br />
Audio: Dolby Surround 5.1.<br />
Picture Format: 16:9 Wide-Screen.<br />
Length: (approx) 114 minutes.<br />
Other: Interactive Menus, Chapter Selection, Subtitles (more languages).', '', '1');
insert into products_description (products_id, language_id, products_name, products_description, products_url, products_viewed) values ('20', '1', 'Beloved', 'Regional Code: 2 (Japan, Europe, Middle East, South Africa).<br />
Languages: English, Deutsch.<br />
Subtitles: English, Deutsch, Spanish.<br />
Audio: Dolby Surround 5.1.<br />
Picture Format: 16:9 Wide-Screen.<br />
Length: (approx) 164 minutes.<br />
Other: Interactive Menus, Chapter Selection, Subtitles (more languages).', '', '0');
insert into products_description (products_id, language_id, products_name, products_description, products_url, products_viewed) values ('21', '1', 'SWAT 3: Close Quarters Battle', '<strong>Windows 95/98</strong><br /><br />211 in progress with shots fired. Officer down. Armed suspects with hostages. Respond Code 3! Los Angles, 2005, In the next seven days, representatives from every nation around the world will converge on Las Angles to witness the signing of the United Nations Nuclear Abolishment Treaty. The protection of these dignitaries falls on the shoulders of one organization, LAPD SWAT. As part of this elite tactical organization, you and your team have the weapons and all the training necessary to protect, to serve, and \"When needed\" to use deadly force to keep the peace. It takes more than weapons to make it through each mission. Your arsenal includes C2 charges, flashbangs, tactical grenades. opti-Wand mini-video cameras, and other devices critical to meeting your objectives and keeping your men free of injury. Uncompromised Duty, Honor and Valor!', 'www.swat3.com', '0');
insert into products_description (products_id, language_id, products_name, products_description, products_url, products_viewed) values ('22', '1', 'Unreal Tournament', 'From the creators of the best-selling Unreal, comes Unreal Tournament. A new kind of single player experience. A ruthless multiplayer revolution.<br /><br />This stand-alone game showcases completely new team-based gameplay, groundbreaking multi-faceted single player action or dynamic multi-player mayhem. It\'s a fight to the finish for the title of Unreal Grand Master in the gladiatorial arena. A single player experience like no other! Guide your team of \'bots\' (virtual teamates) against the hardest criminals in the galaxy for the ultimate title - the Unreal Grand Master.', 'www.unrealtournament.net', '1');
insert into products_description (products_id, language_id, products_name, products_description, products_url, products_viewed) values ('23', '1', 'The Wheel Of Time', 'The world in which The Wheel of Time takes place is lifted directly out of Jordan\'s pages; it\'s huge and consists of many different environments. How you navigate the world will depend largely on which game - single player or multipayer - you\'re playing. The single player experience, with a few exceptions, will see Elayna traversing the world mainly by foot (with a couple notable exceptions). In the multiplayer experience, your character will have more access to travel via Ter\'angreal, Portal Stones, and the Ways. However you move around, though, you\'ll quickly discover that means of locomotion can easily become the least of the your worries...<br /><br />During your travels, you quickly discover that four locations are crucial to your success in the game. Not surprisingly, these locations are the homes of The Wheel of Time\'s main characters. Some of these places are ripped directly from the pages of Jordan\'s books, made flesh with Legend\'s unparalleled pixel-pushing ways. Other places are specific to the game, conceived and executed with the intent of expanding this game world even further. Either way, they provide a backdrop for some of the most intense first person action and strategy you\'ll have this year.', 'www.wheeloftime.com', '0');
insert into products_description (products_id, language_id, products_name, products_description, products_url, products_viewed) values ('24', '1', 'Disciples: Sacred Lands', 'A new age is dawning...<br /><br />Enter the realm of the Sacred Lands, where the dawn of a New Age has set in motion the most momentous of wars. As the prophecies long foretold, four races now clash with swords and sorcery in a desperate bid to control the destiny of their gods. Take on the quest as a champion of the Empire, the Mountain Clans, the Legions of the Damned, or the Undead Hordes and test your faith in battles of brute force, spellbinding magic and acts of guile. Slay demons, vanquish giants and combat merciless forces of the dead and undead. But to ensure the salvation of your god, the hero within must evolve.<br /><br />The day of reckoning has come... and only the chosen will survive.', '', '0');
insert into products_description (products_id, language_id, products_name, products_description, products_url, products_viewed) values ('25', '1', 'Microsoft Internet Keyboard PS/2', 'The Internet Keyboard has 10 Hot Keys on a comfortable standard keyboard design that also includes a detachable palm rest. The Hot Keys allow you to browse the web, or check e-mail directly from your keyboard. The IntelliType Pro software also allows you to customize your hot keys - make the Internet Keyboard work the way you want it to!', '', '1');
insert into products_description (products_id, language_id, products_name, products_description, products_url, products_viewed) values ('26', '1', 'Microsoft IntelliMouse Explorer', 'Microsoft introduces its most advanced mouse, the IntelliMouse Explorer! IntelliMouse Explorer features a sleek design, an industrial-silver finish, a glowing red underside and taillight, creating a style and look unlike any other mouse. IntelliMouse Explorer combines the accuracy and reliability of Microsoft IntelliEye optical tracking technology, the convenience of two new customizable function buttons, the efficiency of the scrolling wheel and the comfort of expert ergonomic design. All these great features make this the best mouse for the PC!', 'www.microsoft.com/hardware/mouse/explorer.asp', '2');
insert into products_description (products_id, language_id, products_name, products_description, products_url, products_viewed) values ('27', '1', 'Hewlett Packard LaserJet 1100Xi', 'HP has always set the pace in laser printing technology. The new generation HP LaserJet 1100 series sets another impressive pace, delivering a stunning 8 pages per minute print speed. The 600 dpi print resolution with HP\'s Resolution Enhancement technology (REt) makes every document more professional.<br /><br />Enhanced print speed and laser quality results are just the beginning. With 2MB standard memory, HP LaserJet 1100xi users will be able to print increasingly complex pages. Memory can be increased to 18MB to tackle even more complex documents with ease. The HP LaserJet 1100xi supports key operating systems including Windows 3.1, 3.11, 95, 98, NT 4.0, OS/2 and DOS. Network compatibility available via the optional HP JetDirect External Print Servers.<br /><br />HP LaserJet 1100xi also features The Document Builder for the Web Era from Trellix Corp. (featuring software to create Web documents).', 'www.pandi.hp.com/pandi-db/prodinfo.main?product=laserjet1100', '0');
insert into products_description (products_id, language_id, products_name, products_description, products_url, products_viewed) values ('28', '1', 'Samsung Galaxy Tab', '<p>Powered by a Cortex A8 1.0GHz application processor, the Samsung GALAXY Tab is designed to deliver high performance whenever and wherever you are. At the same time, HD video contents are supported by a wide range of multimedia formats (DivX, XviD, MPEG4, H.263, H.264 and more), which maximizes the joy of entertainment.</p><p>With 3G HSPA connectivity, 802.11n Wi-Fi, and Bluetooth 3.0, the Samsung GALAXY Tab enhances users\' mobile communication on a whole new level. Video conferencing and push email on the large 7-inch display make communication more smooth and efficient. For voice telephony, the Samsung GALAXY Tab turns out to be a perfect speakerphone on the desk, or a mobile phone on the move via Bluetooth headset.</p>', 'http://galaxytab.samsungmobile.com', '0');
drop table if exists products_images;
create table products_images (
  id int(11) not null auto_increment,
  products_id int(11) not null ,
  image varchar(64) ,
  htmlcontent text ,
  sort_order int(11) not null ,
  PRIMARY KEY (id),
  KEY products_images_prodid (products_id)
);

insert into products_images (id, products_id, image, htmlcontent, sort_order) values ('1', '28', 'samsung/galaxy_tab_1.jpg', NULL, '1');
insert into products_images (id, products_id, image, htmlcontent, sort_order) values ('2', '28', 'samsung/galaxy_tab_2.jpg', NULL, '2');
insert into products_images (id, products_id, image, htmlcontent, sort_order) values ('3', '28', 'samsung/galaxy_tab_3.jpg', NULL, '3');
insert into products_images (id, products_id, image, htmlcontent, sort_order) values ('4', '28', 'samsung/galaxy_tab_4.jpg', '<iframe width=\"560\" height=\"315\" src=\"http://www.youtube.com/embed/tAbsmHMAhrQ\" frameborder=\"0\" allowfullscreen></iframe>', '4');
insert into products_images (id, products_id, image, htmlcontent, sort_order) values ('5', '17', 'dvd/speed_large.jpg', NULL, '1');
insert into products_images (id, products_id, image, htmlcontent, sort_order) values ('6', '12', 'dvd/die_hard_3_large.jpg', NULL, '1');
insert into products_images (id, products_id, image, htmlcontent, sort_order) values ('7', '11', 'dvd/fire_down_below_large.jpg', NULL, '1');
insert into products_images (id, products_id, image, htmlcontent, sort_order) values ('8', '13', 'dvd/lethal_weapon_large.jpg', NULL, '1');
insert into products_images (id, products_id, image, htmlcontent, sort_order) values ('9', '18', 'dvd/speed_2_large.jpg', NULL, '1');
insert into products_images (id, products_id, image, htmlcontent, sort_order) values ('10', '6', 'dvd/the_matrix_large.jpg', NULL, '1');
insert into products_images (id, products_id, image, htmlcontent, sort_order) values ('11', '4', 'dvd/replacement_killers_large.jpg', NULL, '1');
insert into products_images (id, products_id, image, htmlcontent, sort_order) values ('12', '9', 'dvd/under_siege_large.jpg', NULL, '1');
drop table if exists products_notifications;
create table products_notifications (
  products_id int(11) not null ,
  customers_id int(11) not null ,
  date_added datetime not null ,
  PRIMARY KEY (products_id, customers_id)
);

drop table if exists products_options;
create table products_options (
  products_options_id int(11) default '0' not null ,
  language_id int(11) default '1' not null ,
  products_options_name varchar(32) not null ,
  PRIMARY KEY (products_options_id, language_id)
);

insert into products_options (products_options_id, language_id, products_options_name) values ('1', '1', 'Color');
insert into products_options (products_options_id, language_id, products_options_name) values ('2', '1', 'Size');
insert into products_options (products_options_id, language_id, products_options_name) values ('3', '1', 'Model');
insert into products_options (products_options_id, language_id, products_options_name) values ('4', '1', 'Memory');
insert into products_options (products_options_id, language_id, products_options_name) values ('5', '1', 'Version');
drop table if exists products_options_values;
create table products_options_values (
  products_options_values_id int(11) default '0' not null ,
  language_id int(11) default '1' not null ,
  products_options_values_name varchar(64) not null ,
  PRIMARY KEY (products_options_values_id, language_id)
);

insert into products_options_values (products_options_values_id, language_id, products_options_values_name) values ('1', '1', '4 mb');
insert into products_options_values (products_options_values_id, language_id, products_options_values_name) values ('2', '1', '8 mb');
insert into products_options_values (products_options_values_id, language_id, products_options_values_name) values ('3', '1', '16 mb');
insert into products_options_values (products_options_values_id, language_id, products_options_values_name) values ('4', '1', '32 mb');
insert into products_options_values (products_options_values_id, language_id, products_options_values_name) values ('5', '1', 'Value');
insert into products_options_values (products_options_values_id, language_id, products_options_values_name) values ('6', '1', 'Premium');
insert into products_options_values (products_options_values_id, language_id, products_options_values_name) values ('7', '1', 'Deluxe');
insert into products_options_values (products_options_values_id, language_id, products_options_values_name) values ('8', '1', 'PS/2');
insert into products_options_values (products_options_values_id, language_id, products_options_values_name) values ('9', '1', 'USB');
insert into products_options_values (products_options_values_id, language_id, products_options_values_name) values ('10', '1', 'Download: Windows - English');
insert into products_options_values (products_options_values_id, language_id, products_options_values_name) values ('13', '1', 'Box: Windows - English');
drop table if exists products_options_values_to_products_options;
create table products_options_values_to_products_options (
  products_options_values_to_products_options_id int(11) not null auto_increment,
  products_options_id int(11) not null ,
  products_options_values_id int(11) not null ,
  PRIMARY KEY (products_options_values_to_products_options_id)
);

insert into products_options_values_to_products_options (products_options_values_to_products_options_id, products_options_id, products_options_values_id) values ('1', '4', '1');
insert into products_options_values_to_products_options (products_options_values_to_products_options_id, products_options_id, products_options_values_id) values ('2', '4', '2');
insert into products_options_values_to_products_options (products_options_values_to_products_options_id, products_options_id, products_options_values_id) values ('3', '4', '3');
insert into products_options_values_to_products_options (products_options_values_to_products_options_id, products_options_id, products_options_values_id) values ('4', '4', '4');
insert into products_options_values_to_products_options (products_options_values_to_products_options_id, products_options_id, products_options_values_id) values ('5', '3', '5');
insert into products_options_values_to_products_options (products_options_values_to_products_options_id, products_options_id, products_options_values_id) values ('6', '3', '6');
insert into products_options_values_to_products_options (products_options_values_to_products_options_id, products_options_id, products_options_values_id) values ('7', '3', '7');
insert into products_options_values_to_products_options (products_options_values_to_products_options_id, products_options_id, products_options_values_id) values ('8', '3', '8');
insert into products_options_values_to_products_options (products_options_values_to_products_options_id, products_options_id, products_options_values_id) values ('9', '3', '9');
insert into products_options_values_to_products_options (products_options_values_to_products_options_id, products_options_id, products_options_values_id) values ('10', '5', '10');
insert into products_options_values_to_products_options (products_options_values_to_products_options_id, products_options_id, products_options_values_id) values ('13', '5', '13');
drop table if exists products_related_products;
create table products_related_products (
  pop_id int(11) not null auto_increment,
  pop_products_id_master int(11) default '0' not null ,
  pop_products_id_slave int(11) default '0' not null ,
  pop_order_id smallint(6) default '0' not null ,
  PRIMARY KEY (pop_id)
);

insert into products_related_products (pop_id, pop_products_id_master, pop_products_id_slave, pop_order_id) values ('1', '8', '25', '0');
insert into products_related_products (pop_id, pop_products_id_master, pop_products_id_slave, pop_order_id) values ('2', '25', '8', '0');
insert into products_related_products (pop_id, pop_products_id_master, pop_products_id_slave, pop_order_id) values ('3', '27', '2', '0');
insert into products_related_products (pop_id, pop_products_id_master, pop_products_id_slave, pop_order_id) values ('4', '2', '27', '0');
insert into products_related_products (pop_id, pop_products_id_master, pop_products_id_slave, pop_order_id) values ('5', '1', '2', '0');
insert into products_related_products (pop_id, pop_products_id_master, pop_products_id_slave, pop_order_id) values ('6', '2', '1', '0');
drop table if exists products_to_categories;
create table products_to_categories (
  products_id int(11) not null ,
  categories_id int(11) not null ,
  PRIMARY KEY (products_id, categories_id)
);

insert into products_to_categories (products_id, categories_id) values ('1', '4');
insert into products_to_categories (products_id, categories_id) values ('2', '4');
insert into products_to_categories (products_id, categories_id) values ('3', '9');
insert into products_to_categories (products_id, categories_id) values ('4', '10');
insert into products_to_categories (products_id, categories_id) values ('5', '11');
insert into products_to_categories (products_id, categories_id) values ('6', '10');
insert into products_to_categories (products_id, categories_id) values ('7', '12');
insert into products_to_categories (products_id, categories_id) values ('8', '13');
insert into products_to_categories (products_id, categories_id) values ('9', '10');
insert into products_to_categories (products_id, categories_id) values ('10', '10');
insert into products_to_categories (products_id, categories_id) values ('11', '10');
insert into products_to_categories (products_id, categories_id) values ('12', '10');
insert into products_to_categories (products_id, categories_id) values ('13', '10');
insert into products_to_categories (products_id, categories_id) values ('14', '15');
insert into products_to_categories (products_id, categories_id) values ('15', '14');
insert into products_to_categories (products_id, categories_id) values ('16', '15');
insert into products_to_categories (products_id, categories_id) values ('17', '10');
insert into products_to_categories (products_id, categories_id) values ('18', '10');
insert into products_to_categories (products_id, categories_id) values ('19', '12');
insert into products_to_categories (products_id, categories_id) values ('20', '15');
insert into products_to_categories (products_id, categories_id) values ('21', '18');
insert into products_to_categories (products_id, categories_id) values ('22', '19');
insert into products_to_categories (products_id, categories_id) values ('23', '20');
insert into products_to_categories (products_id, categories_id) values ('24', '20');
insert into products_to_categories (products_id, categories_id) values ('25', '8');
insert into products_to_categories (products_id, categories_id) values ('26', '9');
insert into products_to_categories (products_id, categories_id) values ('27', '5');
insert into products_to_categories (products_id, categories_id) values ('28', '21');
drop table if exists reviews;
create table reviews (
  reviews_id int(11) not null auto_increment,
  products_id int(11) not null ,
  customers_id int(11) ,
  customers_name varchar(255) not null ,
  reviews_rating int(1) ,
  date_added datetime ,
  last_modified datetime ,
  reviews_status tinyint(1) default '0' not null ,
  reviews_read int(5) default '0' not null ,
  PRIMARY KEY (reviews_id),
  KEY idx_reviews_products_id (products_id),
  KEY idx_reviews_customers_id (customers_id)
);

insert into reviews (reviews_id, products_id, customers_id, customers_name, reviews_rating, date_added, last_modified, reviews_status, reviews_read) values ('1', '19', '0', 'John Doe', '5', '2015-08-06 06:58:05', NULL, '1', '0');
drop table if exists reviews_description;
create table reviews_description (
  reviews_id int(11) not null ,
  languages_id int(11) not null ,
  reviews_text text not null ,
  PRIMARY KEY (reviews_id, languages_id)
);

insert into reviews_description (reviews_id, languages_id, reviews_text) values ('1', '1', 'This has to be one of the funniest movies released for 1999!');
drop table if exists sec_directory_whitelist;
create table sec_directory_whitelist (
  id int(11) not null auto_increment,
  directory varchar(255) not null ,
  PRIMARY KEY (id)
);

insert into sec_directory_whitelist (id, directory) values ('1', 'admin/backups');
insert into sec_directory_whitelist (id, directory) values ('2', 'admin/images/graphs');
insert into sec_directory_whitelist (id, directory) values ('3', 'images');
insert into sec_directory_whitelist (id, directory) values ('4', 'images/banners');
insert into sec_directory_whitelist (id, directory) values ('5', 'images/dvd');
insert into sec_directory_whitelist (id, directory) values ('6', 'images/gt_interactive');
insert into sec_directory_whitelist (id, directory) values ('7', 'images/hewlett_packard');
insert into sec_directory_whitelist (id, directory) values ('8', 'images/matrox');
insert into sec_directory_whitelist (id, directory) values ('9', 'images/microsoft');
insert into sec_directory_whitelist (id, directory) values ('10', 'images/samsung');
insert into sec_directory_whitelist (id, directory) values ('11', 'images/sierra');
insert into sec_directory_whitelist (id, directory) values ('12', 'includes/work');
insert into sec_directory_whitelist (id, directory) values ('13', 'pub');
drop table if exists sessions;
create table sessions (
  sesskey varchar(128) not null ,
  expiry int(11) unsigned not null ,
  value text not null ,
  PRIMARY KEY (sesskey)
);

drop table if exists specials;
create table specials (
  specials_id int(11) not null auto_increment,
  products_id int(11) not null ,
  specials_new_products_price decimal(15,4) not null ,
  specials_date_added datetime ,
  specials_last_modified datetime ,
  expires_date datetime ,
  date_status_change datetime ,
  status int(1) default '1' not null ,
  PRIMARY KEY (specials_id),
  KEY idx_specials_products_id (products_id)
);

insert into specials (specials_id, products_id, specials_new_products_price, specials_date_added, specials_last_modified, expires_date, date_status_change, status) values ('1', '3', '39.9900', '2015-08-06 06:58:05', NULL, NULL, NULL, '1');
insert into specials (specials_id, products_id, specials_new_products_price, specials_date_added, specials_last_modified, expires_date, date_status_change, status) values ('2', '5', '30.0000', '2015-08-06 06:58:05', NULL, NULL, NULL, '1');
insert into specials (specials_id, products_id, specials_new_products_price, specials_date_added, specials_last_modified, expires_date, date_status_change, status) values ('3', '6', '30.0000', '2015-08-06 06:58:05', NULL, NULL, NULL, '1');
insert into specials (specials_id, products_id, specials_new_products_price, specials_date_added, specials_last_modified, expires_date, date_status_change, status) values ('4', '16', '29.9900', '2015-08-06 06:58:05', NULL, NULL, NULL, '1');
drop table if exists tax_class;
create table tax_class (
  tax_class_id int(11) not null auto_increment,
  tax_class_title varchar(32) not null ,
  tax_class_description varchar(255) not null ,
  last_modified datetime ,
  date_added datetime not null ,
  PRIMARY KEY (tax_class_id)
);

insert into tax_class (tax_class_id, tax_class_title, tax_class_description, last_modified, date_added) values ('1', 'Taxable Goods', 'The following types of products are included non-food, services, etc', '2015-08-06 06:58:05', '2015-08-06 06:58:05');
drop table if exists tax_rates;
create table tax_rates (
  tax_rates_id int(11) not null auto_increment,
  tax_zone_id int(11) not null ,
  tax_class_id int(11) not null ,
  tax_priority int(5) default '1' ,
  tax_rate decimal(7,4) not null ,
  tax_description varchar(255) not null ,
  last_modified datetime ,
  date_added datetime not null ,
  PRIMARY KEY (tax_rates_id)
);

insert into tax_rates (tax_rates_id, tax_zone_id, tax_class_id, tax_priority, tax_rate, tax_description, last_modified, date_added) values ('1', '1', '1', '1', '7.0000', 'FL TAX 7.0%', '2015-08-06 06:58:05', '2015-08-06 06:58:05');
drop table if exists whos_online;
create table whos_online (
  customer_id int(11) ,
  full_name varchar(255) not null ,
  session_id varchar(128) not null ,
  ip_address varchar(15) not null ,
  time_entry varchar(14) not null ,
  time_last_click varchar(14) not null ,
  last_page_url text not null ,
  KEY idx_whos_online_session_id (session_id)
);

drop table if exists zones;
create table zones (
  zone_id int(11) not null auto_increment,
  zone_country_id int(11) not null ,
  zone_code varchar(32) not null ,
  zone_name varchar(255) not null ,
  PRIMARY KEY (zone_id),
  KEY idx_zones_country_id (zone_country_id)
);

insert into zones (zone_id, zone_country_id, zone_code, zone_name) values ('183', '196', 'APR', 'Ampara');
insert into zones (zone_id, zone_country_id, zone_code, zone_name) values ('184', '196', 'BC', 'Batticaloa');
insert into zones (zone_id, zone_country_id, zone_code, zone_name) values ('190', '196', 'JA', 'Jaffna');
insert into zones (zone_id, zone_country_id, zone_code, zone_name) values ('195', '196', 'MB', 'Mannar');
insert into zones (zone_id, zone_country_id, zone_code, zone_name) values ('197', '196', 'MJ', 'Monaragala');
insert into zones (zone_id, zone_country_id, zone_code, zone_name) values ('198', '196', 'MP', 'Mullaitivu');
insert into zones (zone_id, zone_country_id, zone_code, zone_name) values ('201', '196', 'PR', 'Polonnaruwa');
insert into zones (zone_id, zone_country_id, zone_code, zone_name) values ('205', '196', 'VA', 'Vavuniya');
insert into zones (zone_id, zone_country_id, zone_code, zone_name) values ('207', '196', 'Kotikawatta', 'Kotikawatta');
insert into zones (zone_id, zone_country_id, zone_code, zone_name) values ('208', '196', 'Boralesgamuwa', 'Boralesgamuwa');
insert into zones (zone_id, zone_country_id, zone_code, zone_name) values ('209', '196', 'Bellanwila', 'Bellanwila');
insert into zones (zone_id, zone_country_id, zone_code, zone_name) values ('210', '196', 'Battaramulla', 'Battaramulla');
insert into zones (zone_id, zone_country_id, zone_code, zone_name) values ('211', '196', 'Piliyandala', 'Piliyandala');
insert into zones (zone_id, zone_country_id, zone_code, zone_name) values ('212', '196', 'Maharagama', 'Maharagama');
insert into zones (zone_id, zone_country_id, zone_code, zone_name) values ('213', '196', 'Attidiya', 'Attidiya');
insert into zones (zone_id, zone_country_id, zone_code, zone_name) values ('214', '196', 'Wattala', 'Wattala');
insert into zones (zone_id, zone_country_id, zone_code, zone_name) values ('215', '196', 'Ratmalana', 'Ratmalana');
insert into zones (zone_id, zone_country_id, zone_code, zone_name) values ('216', '196', 'Kolonnawa', 'Kolonnawa');
insert into zones (zone_id, zone_country_id, zone_code, zone_name) values ('217', '196', 'Kaduwala', 'Kaduwala');
insert into zones (zone_id, zone_country_id, zone_code, zone_name) values ('218', '196', 'Kadawatha', 'Kadawatha');
insert into zones (zone_id, zone_country_id, zone_code, zone_name) values ('219', '196', 'Peliyagoda', 'Peliyagoda');
insert into zones (zone_id, zone_country_id, zone_code, zone_name) values ('220', '196', 'Malambe', 'Malambe');
insert into zones (zone_id, zone_country_id, zone_code, zone_name) values ('221', '196', 'Pannipitiya', 'Pannipitiya');
insert into zones (zone_id, zone_country_id, zone_code, zone_name) values ('222', '196', 'Kottawa', 'Kottawa');
insert into zones (zone_id, zone_country_id, zone_code, zone_name) values ('223', '196', 'Kesbewa', 'Kesbewa');
insert into zones (zone_id, zone_country_id, zone_code, zone_name) values ('224', '196', 'Ja-Ela', 'Ja-Ela');
insert into zones (zone_id, zone_country_id, zone_code, zone_name) values ('225', '196', 'Aturugiriya', 'Aturugiriya');
insert into zones (zone_id, zone_country_id, zone_code, zone_name) values ('226', '196', 'Ragama', 'Ragama');
insert into zones (zone_id, zone_country_id, zone_code, zone_name) values ('227', '196', 'Polgasovita', 'Polgasovita');
insert into zones (zone_id, zone_country_id, zone_code, zone_name) values ('228', '196', 'Nittambuwa', 'Nittambuwa');
insert into zones (zone_id, zone_country_id, zone_code, zone_name) values ('229', '196', 'Kosgama', 'Kosgama');
insert into zones (zone_id, zone_country_id, zone_code, zone_name) values ('230', '196', 'Godagama', 'Godagama');
insert into zones (zone_id, zone_country_id, zone_code, zone_name) values ('231', '196', 'Ekala', 'Ekala');
insert into zones (zone_id, zone_country_id, zone_code, zone_name) values ('232', '196', 'Dompe', 'Dompe');
insert into zones (zone_id, zone_country_id, zone_code, zone_name) values ('233', '196', 'Hanwella', 'Hanwella');
insert into zones (zone_id, zone_country_id, zone_code, zone_name) values ('234', '196', 'Kelaniya', 'Kelaniya');
insert into zones (zone_id, zone_country_id, zone_code, zone_name) values ('235', '196', 'Seeduwa', 'Seeduwa');
insert into zones (zone_id, zone_country_id, zone_code, zone_name) values ('236', '196', 'Raddolugama', 'Raddolugama');
insert into zones (zone_id, zone_country_id, zone_code, zone_name) values ('237', '196', 'Radavana', 'Radavana');
insert into zones (zone_id, zone_country_id, zone_code, zone_name) values ('238', '196', 'Pugoda', 'Pugoda');
insert into zones (zone_id, zone_country_id, zone_code, zone_name) values ('239', '196', 'Pamunugama', 'Pamunugama');
insert into zones (zone_id, zone_country_id, zone_code, zone_name) values ('240', '196', 'Miriswatta', 'Miriswatta');
insert into zones (zone_id, zone_country_id, zone_code, zone_name) values ('241', '196', 'Malwana', 'Malwana');
insert into zones (zone_id, zone_country_id, zone_code, zone_name) values ('242', '196', 'Kirindiwela', 'Kirindiwela');
insert into zones (zone_id, zone_country_id, zone_code, zone_name) values ('243', '196', 'Ganemulla', 'Ganemulla');
insert into zones (zone_id, zone_country_id, zone_code, zone_name) values ('244', '196', 'Gampaha', 'Gampaha');
insert into zones (zone_id, zone_country_id, zone_code, zone_name) values ('245', '196', 'Dodangoda', 'Dodangoda');
insert into zones (zone_id, zone_country_id, zone_code, zone_name) values ('246', '196', 'Boossa', 'Boossa');
insert into zones (zone_id, zone_country_id, zone_code, zone_name) values ('247', '196', 'Beruwala', 'Beruwala');
insert into zones (zone_id, zone_country_id, zone_code, zone_name) values ('248', '196', 'Benthota', 'Benthota');
insert into zones (zone_id, zone_country_id, zone_code, zone_name) values ('249', '196', 'Attanagalla', 'Attanagalla');
insert into zones (zone_id, zone_country_id, zone_code, zone_name) values ('250', '196', 'Ambepussa', 'Ambepussa');
insert into zones (zone_id, zone_country_id, zone_code, zone_name) values ('251', '196', 'Ambalangoda', 'Ambalangoda');
insert into zones (zone_id, zone_country_id, zone_code, zone_name) values ('252', '196', 'Aluthgama', 'Aluthgama');
insert into zones (zone_id, zone_country_id, zone_code, zone_name) values ('253', '196', 'Moratuwa', 'Moratuwa');
insert into zones (zone_id, zone_country_id, zone_code, zone_name) values ('254', '196', 'Negombo', 'Negombo');
insert into zones (zone_id, zone_country_id, zone_code, zone_name) values ('255', '196', 'Homagama', 'Homagama');
insert into zones (zone_id, zone_country_id, zone_code, zone_name) values ('256', '196', 'Yakkala', 'Yakkala');
insert into zones (zone_id, zone_country_id, zone_code, zone_name) values ('257', '196', 'Weliveriya', 'Weliveriya');
insert into zones (zone_id, zone_country_id, zone_code, zone_name) values ('258', '196', 'Warakapola', 'Warakapola');
insert into zones (zone_id, zone_country_id, zone_code, zone_name) values ('259', '196', 'Wadduwa', 'Wadduwa');
insert into zones (zone_id, zone_country_id, zone_code, zone_name) values ('260', '196', 'Pasyala', 'Pasyala');
insert into zones (zone_id, zone_country_id, zone_code, zone_name) values ('261', '196', 'Minuwangoda', 'Minuwangoda');
insert into zones (zone_id, zone_country_id, zone_code, zone_name) values ('262', '196', 'Meetiyagoda', 'Meetiyagoda');
insert into zones (zone_id, zone_country_id, zone_code, zone_name) values ('263', '196', 'Mawanella', 'Mawanella');
insert into zones (zone_id, zone_country_id, zone_code, zone_name) values ('264', '196', 'Kochchikade', 'Kochchikade');
insert into zones (zone_id, zone_country_id, zone_code, zone_name) values ('265', '196', 'Katuneriya', 'Katuneriya');
insert into zones (zone_id, zone_country_id, zone_code, zone_name) values ('266', '196', 'Katukurunda', 'Katukurunda');
insert into zones (zone_id, zone_country_id, zone_code, zone_name) values ('267', '196', 'Kadugannawa', 'Kadugannawa');
insert into zones (zone_id, zone_country_id, zone_code, zone_name) values ('268', '196', 'Haburugala', 'Haburugala');
insert into zones (zone_id, zone_country_id, zone_code, zone_name) values ('269', '196', 'Gonapola', 'Gonapola');
insert into zones (zone_id, zone_country_id, zone_code, zone_name) values ('270', '196', 'Gonaduwa', 'Gonaduwa');
insert into zones (zone_id, zone_country_id, zone_code, zone_name) values ('271', '196', 'Elpitiya', 'Elpitiya');
insert into zones (zone_id, zone_country_id, zone_code, zone_name) values ('272', '196', 'Eheliyagoda', 'Eheliyagoda');
insert into zones (zone_id, zone_country_id, zone_code, zone_name) values ('273', '196', 'Dvulapitiya', 'Dvulapitiya');
insert into zones (zone_id, zone_country_id, zone_code, zone_name) values ('274', '196', 'Dunagaha', 'Dunagaha');
insert into zones (zone_id, zone_country_id, zone_code, zone_name) values ('275', '196', 'Dodanduwa', 'Dodanduwa');
insert into zones (zone_id, zone_country_id, zone_code, zone_name) values ('276', '196', 'Dedigama', 'Dedigama');
insert into zones (zone_id, zone_country_id, zone_code, zone_name) values ('277', '196', 'Dankotuwa', 'Dankotuwa');
insert into zones (zone_id, zone_country_id, zone_code, zone_name) values ('278', '196', 'Chillaw', 'Chillaw');
insert into zones (zone_id, zone_country_id, zone_code, zone_name) values ('279', '196', 'Avissawella', 'Avissawella');
insert into zones (zone_id, zone_country_id, zone_code, zone_name) values ('280', '196', 'Alawwa', 'Alawwa');
insert into zones (zone_id, zone_country_id, zone_code, zone_name) values ('281', '196', 'Kandana', 'Kandana');
insert into zones (zone_id, zone_country_id, zone_code, zone_name) values ('282', '196', 'Kakkapalliya', 'Kakkapalliya');
insert into zones (zone_id, zone_country_id, zone_code, zone_name) values ('283', '196', 'Kahawa', 'Kahawa');
insert into zones (zone_id, zone_country_id, zone_code, zone_name) values ('284', '196', 'Wennappuwa', 'Wennappuwa');
insert into zones (zone_id, zone_country_id, zone_code, zone_name) values ('285', '196', 'Waskaduwa', 'Waskaduwa');
insert into zones (zone_id, zone_country_id, zone_code, zone_name) values ('286', '196', 'Veyangoda', 'Veyangoda');
insert into zones (zone_id, zone_country_id, zone_code, zone_name) values ('287', '196', 'Urapola', 'Urapola');
insert into zones (zone_id, zone_country_id, zone_code, zone_name) values ('288', '196', 'Udugampola', 'Udugampola');
insert into zones (zone_id, zone_country_id, zone_code, zone_name) values ('289', '196', 'Rambukkana', 'Rambukkana');
insert into zones (zone_id, zone_country_id, zone_code, zone_name) values ('290', '196', 'Pothuhera', 'Pothuhera');
insert into zones (zone_id, zone_country_id, zone_code, zone_name) values ('291', '196', 'Polgahawela', 'Polgahawela');
insert into zones (zone_id, zone_country_id, zone_code, zone_name) values ('292', '196', 'Parakaduwa', 'Parakaduwa');
insert into zones (zone_id, zone_country_id, zone_code, zone_name) values ('293', '196', 'Nelumdeniya', 'Nelumdeniya');
insert into zones (zone_id, zone_country_id, zone_code, zone_name) values ('294', '196', 'Marandagahamula', 'Marandagahamula');
insert into zones (zone_id, zone_country_id, zone_code, zone_name) values ('295', '196', 'Mahawewa', 'Mahawewa');
insert into zones (zone_id, zone_country_id, zone_code, zone_name) values ('296', '196', 'Madawala', 'Madawala');
insert into zones (zone_id, zone_country_id, zone_code, zone_name) values ('297', '196', 'Lunuwila', 'Lunuwila');
insert into zones (zone_id, zone_country_id, zone_code, zone_name) values ('298', '196', 'Kiriella', 'Kiriella');
insert into zones (zone_id, zone_country_id, zone_code, zone_name) values ('299', '196', 'Ingiriya', 'Ingiriya');
insert into zones (zone_id, zone_country_id, zone_code, zone_name) values ('300', '196', 'Henegama', 'Henegama');
insert into zones (zone_id, zone_country_id, zone_code, zone_name) values ('301', '196', 'Ginthota', 'Ginthota');
insert into zones (zone_id, zone_country_id, zone_code, zone_name) values ('302', '196', 'Gatahetta', 'Gatahetta');
insert into zones (zone_id, zone_country_id, zone_code, zone_name) values ('303', '196', 'Gampola', 'Gampola');
insert into zones (zone_id, zone_country_id, zone_code, zone_name) values ('304', '196', 'Dharga Town', 'Dharga Town');
insert into zones (zone_id, zone_country_id, zone_code, zone_name) values ('305', '196', 'Battaluoya', 'Battaluoya');
insert into zones (zone_id, zone_country_id, zone_code, zone_name) values ('306', '196', 'Bangadeniya', 'Bangadeniya');
insert into zones (zone_id, zone_country_id, zone_code, zone_name) values ('307', '196', 'Ahungalla', 'Ahungalla');
insert into zones (zone_id, zone_country_id, zone_code, zone_name) values ('308', '196', 'Kiribathgoda', 'Kiribathgoda');
insert into zones (zone_id, zone_country_id, zone_code, zone_name) values ('309', '196', 'Induruwa', 'Induruwa');
insert into zones (zone_id, zone_country_id, zone_code, zone_name) values ('310', '196', 'Horana', 'Horana');
insert into zones (zone_id, zone_country_id, zone_code, zone_name) values ('311', '196', 'Hikkaduwa', 'Hikkaduwa');
insert into zones (zone_id, zone_country_id, zone_code, zone_name) values ('312', '196', 'Galle', 'Galle');
insert into zones (zone_id, zone_country_id, zone_code, zone_name) values ('313', '196', 'Bandaragama', 'Bandaragama');
insert into zones (zone_id, zone_country_id, zone_code, zone_name) values ('314', '196', 'Katana', 'Katana');
insert into zones (zone_id, zone_country_id, zone_code, zone_name) values ('315', '196', 'Unawatuna', 'Unawatuna');
insert into zones (zone_id, zone_country_id, zone_code, zone_name) values ('316', '196', 'Nattandiya', 'Nattandiya');
insert into zones (zone_id, zone_country_id, zone_code, zone_name) values ('317', '196', 'Kindelpitiya', 'Kindelpitiya');
insert into zones (zone_id, zone_country_id, zone_code, zone_name) values ('318', '196', 'Weligama', 'Weligama');
insert into zones (zone_id, zone_country_id, zone_code, zone_name) values ('319', '196', 'Wakwella', 'Wakwella');
insert into zones (zone_id, zone_country_id, zone_code, zone_name) values ('320', '196', 'Thotagama', 'Thotagama');
insert into zones (zone_id, zone_country_id, zone_code, zone_name) values ('321', '196', 'Rathnapura', 'Rathnapura');
insert into zones (zone_id, zone_country_id, zone_code, zone_name) values ('322', '196', 'Pelmadulla', 'Pelmadulla');
insert into zones (zone_id, zone_country_id, zone_code, zone_name) values ('323', '196', 'Mundala', 'Mundala');
insert into zones (zone_id, zone_country_id, zone_code, zone_name) values ('324', '196', 'Mirissa', 'Mirissa');
insert into zones (zone_id, zone_country_id, zone_code, zone_name) values ('325', '196', 'Mallawapitiya', 'Mallawapitiya');
insert into zones (zone_id, zone_country_id, zone_code, zone_name) values ('326', '196', 'Madurankuliya', 'Madurankuliya');
insert into zones (zone_id, zone_country_id, zone_code, zone_name) values ('327', '196', 'Kuruwita', 'Kuruwita');
insert into zones (zone_id, zone_country_id, zone_code, zone_name) values ('328', '196', 'Kurunegala', 'Kurunegala');
insert into zones (zone_id, zone_country_id, zone_code, zone_name) values ('329', '196', 'Kundasale', 'Kundasale');
insert into zones (zone_id, zone_country_id, zone_code, zone_name) values ('330', '196', 'Kegalle', 'Kegalle');
insert into zones (zone_id, zone_country_id, zone_code, zone_name) values ('331', '196', 'Katugasthota', 'Katugasthota');
insert into zones (zone_id, zone_country_id, zone_code, zone_name) values ('332', '196', 'Kahangama', 'Kahangama');
insert into zones (zone_id, zone_country_id, zone_code, zone_name) values ('333', '196', 'Ibbagamuwa', 'Ibbagamuwa');
insert into zones (zone_id, zone_country_id, zone_code, zone_name) values ('334', '196', 'Gonapeenuwala', 'Gonapeenuwala');
insert into zones (zone_id, zone_country_id, zone_code, zone_name) values ('335', '196', 'Gelioya', 'Gelioya');
insert into zones (zone_id, zone_country_id, zone_code, zone_name) values ('336', '196', 'Thalpe', 'Thalpe');
insert into zones (zone_id, zone_country_id, zone_code, zone_name) values ('337', '196', 'Katunayaka', 'Katunayaka');
insert into zones (zone_id, zone_country_id, zone_code, zone_name) values ('338', '196', 'Ahangama', 'Ahangama');
insert into zones (zone_id, zone_country_id, zone_code, zone_name) values ('339', '196', 'Panadura', 'Panadura');
insert into zones (zone_id, zone_country_id, zone_code, zone_name) values ('340', '196', 'Kaluthara', 'Kaluthara');
insert into zones (zone_id, zone_country_id, zone_code, zone_name) values ('341', '196', 'Peradeniya', 'Peradeniya');
insert into zones (zone_id, zone_country_id, zone_code, zone_name) values ('342', '196', 'Kandy', 'Kandy');
insert into zones (zone_id, zone_country_id, zone_code, zone_name) values ('343', '196', 'Denipitiya', 'Denipitiya');
insert into zones (zone_id, zone_country_id, zone_code, zone_name) values ('344', '196', 'Akurana', 'Akurana');
insert into zones (zone_id, zone_country_id, zone_code, zone_name) values ('345', '196', 'Payagala', 'Payagala');
insert into zones (zone_id, zone_country_id, zone_code, zone_name) values ('346', '196', 'Nagoda', 'Nagoda');
insert into zones (zone_id, zone_country_id, zone_code, zone_name) values ('347', '196', 'Marawila', 'Marawila');
insert into zones (zone_id, zone_country_id, zone_code, zone_name) values ('348', '196', 'Padukka', 'Padukka');
insert into zones (zone_id, zone_country_id, zone_code, zone_name) values ('349', '196', 'Habaraduuwa', 'Habaraduuwa');
insert into zones (zone_id, zone_country_id, zone_code, zone_name) values ('350', '196', 'Embilipitiya', 'Embilipitiya');
insert into zones (zone_id, zone_country_id, zone_code, zone_name) values ('351', '196', 'Thangalle', 'Thangalle');
insert into zones (zone_id, zone_country_id, zone_code, zone_name) values ('352', '196', 'Puttalam', 'Puttalam');
insert into zones (zone_id, zone_country_id, zone_code, zone_name) values ('353', '196', 'Matara', 'Matara');
insert into zones (zone_id, zone_country_id, zone_code, zone_name) values ('354', '196', 'Hambanthota', 'Hambanthota');
insert into zones (zone_id, zone_country_id, zone_code, zone_name) values ('355', '196', 'Matale', 'Matale');
insert into zones (zone_id, zone_country_id, zone_code, zone_name) values ('356', '196', 'Nuwara Eliya', 'Nuwara Eliya');
insert into zones (zone_id, zone_country_id, zone_code, zone_name) values ('357', '196', 'Anuradhapura', 'Anuradhapura');
insert into zones (zone_id, zone_country_id, zone_code, zone_name) values ('358', '196', 'Badulla', 'Badulla');
insert into zones (zone_id, zone_country_id, zone_code, zone_name) values ('359', '196', 'Rajagiriya', 'Rajagiriya');
insert into zones (zone_id, zone_country_id, zone_code, zone_name) values ('360', '196', 'Polhengoda', 'Polhengoda');
insert into zones (zone_id, zone_country_id, zone_code, zone_name) values ('361', '196', 'Nugegoda', 'Nugegoda');
insert into zones (zone_id, zone_country_id, zone_code, zone_name) values ('362', '196', 'Nawala', 'Nawala');
insert into zones (zone_id, zone_country_id, zone_code, zone_name) values ('363', '196', 'Narahempita', 'Narahempita');
insert into zones (zone_id, zone_country_id, zone_code, zone_name) values ('364', '196', 'Kotte', 'Kotte');
insert into zones (zone_id, zone_country_id, zone_code, zone_name) values ('365', '196', 'Kohuwala', 'Kohuwala');
insert into zones (zone_id, zone_country_id, zone_code, zone_name) values ('366', '196', 'Kalubowila', 'Kalubowila');
insert into zones (zone_id, zone_country_id, zone_code, zone_name) values ('367', '196', 'Gangodawila', 'Gangodawila');
insert into zones (zone_id, zone_country_id, zone_code, zone_name) values ('368', '196', 'Delkanda', 'Delkanda');
insert into zones (zone_id, zone_country_id, zone_code, zone_name) values ('369', '196', 'Dehiwala', 'Dehiwala');
insert into zones (zone_id, zone_country_id, zone_code, zone_name) values ('370', '196', 'Colombo 15', 'Colombo 15');
insert into zones (zone_id, zone_country_id, zone_code, zone_name) values ('371', '196', 'Colombo 14', 'Colombo 14');
insert into zones (zone_id, zone_country_id, zone_code, zone_name) values ('372', '196', 'Colombo 13', 'Colombo 13');
insert into zones (zone_id, zone_country_id, zone_code, zone_name) values ('373', '196', 'Colombo 12', 'Colombo 12');
insert into zones (zone_id, zone_country_id, zone_code, zone_name) values ('374', '196', 'Colombo 11', 'Colombo 11');
insert into zones (zone_id, zone_country_id, zone_code, zone_name) values ('375', '196', 'Colombo 10', 'Colombo 10');
insert into zones (zone_id, zone_country_id, zone_code, zone_name) values ('376', '196', 'Colombo 09', 'Colombo 09');
insert into zones (zone_id, zone_country_id, zone_code, zone_name) values ('377', '196', 'Colombo 08', 'Colombo 08');
insert into zones (zone_id, zone_country_id, zone_code, zone_name) values ('378', '196', 'Colombo 07', 'Colombo 07');
insert into zones (zone_id, zone_country_id, zone_code, zone_name) values ('379', '196', 'Colombo 06', 'Colombo 06');
insert into zones (zone_id, zone_country_id, zone_code, zone_name) values ('380', '196', 'Colombo 05', 'Colombo 05');
insert into zones (zone_id, zone_country_id, zone_code, zone_name) values ('381', '196', 'Colombo 04', 'Colombo 04');
insert into zones (zone_id, zone_country_id, zone_code, zone_name) values ('382', '196', 'Colombo 03', 'Colombo 03');
insert into zones (zone_id, zone_country_id, zone_code, zone_name) values ('383', '196', 'Colombo 02', 'Colombo 02');
insert into zones (zone_id, zone_country_id, zone_code, zone_name) values ('384', '196', 'Colombo 01', 'Colombo 01');
drop table if exists zones_to_geo_zones;
create table zones_to_geo_zones (
  association_id int(11) not null auto_increment,
  zone_country_id int(11) not null ,
  zone_id int(11) ,
  geo_zone_id int(11) ,
  last_modified datetime ,
  date_added datetime not null ,
  PRIMARY KEY (association_id),
  KEY idx_zones_to_geo_zones_country_id (zone_country_id)
);

insert into zones_to_geo_zones (association_id, zone_country_id, zone_id, geo_zone_id, last_modified, date_added) values ('2', '196', '384', '2', NULL, '2015-08-07 12:20:22');
